Symbol,Name,Last,Change,%Chg,Open,High,Low,Volume,Time
AAL,"American Airlines Gp",13.32,0,0.00%,13.1,13.5,12.88,31616292,"11:25 ET"
AAON,"Aaon Inc",54.28,0.61,+1.14%,53.36,54.32,53.27,24832,"11:23 ET"
AAPL,"Apple Inc",365.53,3.75,+1.04%,360.08,365.88,359.55,10702472,"11:25 ET"
AAWW,"Atlas Air Ww",42.21,1.71,+4.22%,40.61,42.4,40.61,92118,"11:24 ET"
AAXN,"Axon Inc",99.96,4.16,+4.34%,95.2,100.65,95.2,385830,"11:23 ET"
ABCB,"Ameris Bancorp",23.68,0.28,+1.20%,23.26,23.98,23.01,46755,"11:25 ET"
ABMD,"Abiomed Inc",240.4,0.18000000000001,+0.07%,240.08,240.91,237.18,59520,"11:24 ET"
ABUS,"Arbutus Biopharma Cp",1.9,-0.02,-1.04%,1.91,1.92,1.86,190083,"11:19 ET"
ACAD,"Acadia Pharmaceutica",48.43,0.27,+0.56%,48.5,48.71,47.77,300212,"11:25 ET"
ACGL,"Arch Capital Grp Ltd",28.74,0.37,+1.30%,28.16,28.81,28.16,217991,"11:25 ET"
ACHC,"Acadia Healthcr Company",24.84,-0.080000000000002,-0.32%,24.75,25.18,24.39,168288,"11:24 ET"
ACIA,"Acacia Communica",67.4,-0.55,-0.81%,67.9,67.93,67.37,222504,"11:25 ET"
ACIW,"Aci Worldwide Inc",27.45,1,+3.78%,26.42,27.87,26.42,116918,"11:23 ET"
ACLS,"Axcelis Tech Inc",28.04,1.15,+4.28%,26.93,28.04,26.93,98960,"11:25 ET"
ACRS,"Aclaris Therapts",1.6312,0.0312,+1.95%,1.58,1.64,1.56,86220,"11:08 ET"
ACRX,"Acelrx Pharmaceutica",1.21,0.0050000000000001,+0.41%,1.2,1.22,1.18,226363,"11:14 ET"
ADBE,"Adobe Systems Inc",430.87,6.67,+1.57%,426.68,431.33,423.31,639388,"11:25 ET"
ADI,"Analog Devices",121.72,2.72,+2.29%,119.52,121.92,117,525929,"11:24 ET"
ADMA,"Adma Biologics",2.93,-0.02,-0.68%,2.93,2.96,2.89,810690,"11:23 ET"
ADMP,"Adamis Pharmaceuticl",0.5552,-0.017,-2.97%,0.572,0.5796,0.555,419092,"11:09 ET"
ADP,"Automatic Data Procs",148.39,2.01,+1.37%,147.45,148.64,146.1,214182,"11:25 ET"
ADPT,"Adaptive Biotechnologies Corp",47.68,1.62,+3.52%,46.21,47.74,45.74,203208,"11:25 ET"
ADRO,"Aduro Biotech",2.32,0.08,+3.57%,2.22,2.36,2.2,349261,"11:24 ET"
ADSK,"Autodesk Inc",237.74,5.57,+2.40%,232.95,237.88,231.2,257505,"11:25 ET"
ADUS,"Addus Homecare Corp",90.87,-0.44,-0.48%,90.97,91.74,90.09,7104,"11:07 ET"
AEGN,"Aegion Corp",15.82,0.52,+3.40%,15.23,15.94,15.23,12513,"11:21 ET"
AEIS,"Advanced Energy",67.24,1.87,+2.86%,65.49,67.68,65.36,43257,"11:24 ET"
AERI,"Aerie Pharmaceuticals",14.59,-0.32,-2.15%,14.88,14.88,14.18,111950,"11:22 ET"
AFIN,"American Finance Trust Inc Cl A",8.11,0.24,+3.05%,7.71,8.11,7.71,58484,"11:19 ET"
AFYA,"Afya Ltd Cl A",22.75,0.09,+0.40%,22.65,22.75,22.42,9023,"11:22 ET"
AGFS,"Agrofresh Solutions",3,-0.05,-1.64%,3,3.04,2.91,61870,"11:19 ET"
AGIO,"Agios Pharmaceuticals",52.45,-0.57,-1.08%,52.88,53.83,51.82,73508,"11:25 ET"
AGNC,"American Capital Age",13.01,0.08,+0.62%,12.88,13.03,12.74,1471956,"11:23 ET"
AIMC,"Altra Indtl Mtn",30.89,0.060000000000002,+0.19%,30.37,31.07,30.31,71143,"11:20 ET"
AIMT,"Aimmune Therap",16.84,-0.43,-2.49%,17.17,17.27,16.58,230320,"11:24 ET"
AKAM,"Akamai Technologies",105.92,0.93000000000001,+0.89%,105.38,106.45,105.11,361439,"11:25 ET"
AKBA,"Akebia Therapeutics",13.05,0.35,+2.76%,12.67,13.1,12.35,581823,"11:25 ET"
AKCA,"Akcea Therapeutics Inc",14.24,-0.039999999999999,-0.28%,14.19,14.3,13.84,92453,"11:16 ET"
ALDX,"Aldeyra Therapeu",4.17,-0.04,-0.96%,4.3,4.33,4.06,177358,"11:23 ET"
ALEC,"Alector Inc",24.1,0.6,+2.55%,23.41,24.26,23.21,117095,"11:25 ET"
ALGN,"Align Technology",272.48,6,+2.25%,266.67,273.02,264.32,177900,"11:23 ET"
ALGT,"Allegiant Travel Com",111.22,-0.41,-0.37%,110.23,111.63,106.94,48536,"11:23 ET"
ALKS,"Alkermes Plc",19.02,-0.33,-1.71%,19.38,19.41,19,132250,"11:20 ET"
ALLK,"Allakos Inc",73.37,0.59,+0.81%,72.87,74.11,72.13,90060,"11:24 ET"
ALLO,"Allogene Therapeutics Inc",42.49,0.63,+1.51%,41.72,42.62,41.16,142193,"11:23 ET"
ALNA,"Allena Pharmaceuticals Inc",1.575,0.055,+3.62%,1.52,1.59,1.52,178960,"11:24 ET"
ALNY,"Alnylam Pharmaceuticals",151.32,3.41,+2.31%,148.14,151.37,146.09,101146,"11:24 ET"
ALRM,Alarm.com,64.63,0.87,+1.36%,63.63,64.96,63.45,91328,"11:21 ET"
ALRN,"Aileron Therapeutics Inc",1.19,0.01,+0.85%,1.22,1.22,1.15,118821,"11:23 ET"
ALTM,"Altus Midstream Company",0.6,-0.0098,-1.61%,0.5641,0.6043,0.55,289732,"11:01 ET"
ALTR,"Altair Engineering Inc Cl A",39.6,0.81,+2.09%,38.83,39.7,38.23,17112,"11:23 ET"
ALXN,"Alexion Pharm Inc",111.89,0.67,+0.60%,110.99,112.26,110.7,471137,"11:25 ET"
AMAT,"Applied Materials",60.47,1.41,+2.39%,59.12,60.94,59.07,1982493,"11:25 ET"
AMBA,"Ambarella Inc",45.81,1.37,+3.08%,44.29,45.81,44.29,63179,"11:21 ET"
AMCX,"Amc Networks Cl A",23.44,0.02,+0.09%,23.18,23.78,23.02,117693,"11:23 ET"
AMD,"Adv Micro Devices",52.25,1.97,+3.92%,51.16,52.61,50.82,18648819,"11:25 ET"
AMED,"Amedisys Inc",197.6,0.13,+0.07%,197.39,201.51,195.91,127819,"11:23 ET"
AMGN,"Amgen Inc",233.41,1.85,+0.80%,233.31,233.71,231.55,391159,"11:25 ET"
AMKR,"Amkor Technology",12.27,0.39,+3.28%,11.9,12.28,11.9,222532,"11:25 ET"
AMPH,"Amphastar Pharma",22.3,0.18,+0.81%,22.04,22.34,21.82,47409,"11:22 ET"
AMRN,"Amarin Corp Ads",6.84,0.12,+1.79%,6.71,6.86,6.64,887568,"11:23 ET"
AMSF,"Amerisafe Inc",61.54,0.59,+0.97%,60.97,61.82,60.97,4685,"11:10 ET"
AMTD,"TD Ameritrade HD",36.02,0.63,+1.78%,35.18,36.14,35.09,1582318,"11:25 ET"
AMWD,"Amer Woodmark Cp",73.85,1.13,+1.55%,71.98,74.19,70.31,18646,"11:17 ET"
AMZN,"Amazon.com Inc",2730.85,50.47,+1.88%,2685.06,2736.23,2675,1114957,"11:24 ET"
ANAT,"Amer Natl Insurance",72,0.84999999999999,+1.19%,70.88,72.01,70.88,5871,"11:05 ET"
ANSS,"Ansys Inc",288.62,6.49,+2.30%,282.69,288.72,279.99,66414,"11:25 ET"
APLS,"Apellis Pharmaceuticals Inc",31.94,1.17,+3.80%,30.6,32.02,30.36,168594,"11:24 ET"
APLT,"Applied Therapeutics Inc",34.38,-1.19,-3.35%,35.6,35.6,33.89,28636,"11:22 ET"
APOG,"Apogee Entrpr Inc",23.49,-0.080000000000002,-0.34%,23.47,24.12,22.79,43649,"11:23 ET"
APPF,"Appfolio Cl A",161.43,1.09,+0.68%,160.24,162.84,158.83,22917,"11:18 ET"
APPN,"Appian Corp Cl A",50.98,0.86,+1.72%,49.75,51.38,49.75,139248,"11:24 ET"
ARCB,"Arcbest Corp",25.99,0.57,+2.24%,25.31,26.19,25.31,44955,"11:24 ET"
ARCE,"Arco Platform Ltd Cl A",42.68,-0.38,-0.88%,43.25,43.25,42.36,5387,"10:58 ET"
ARGX,"Argenx Se Ads",223.79,0.5,+0.22%,223.33,223.88,220.84,49587,"11:22 ET"
ARLP,"Alliance Resource Pt",3.34,-0.06,-1.76%,3.36,3.39,3.31,239171,"11:10 ET"
ARNA,"Arena Pharmaceuticals",62.78,0.009999999999998,+0.02%,62.45,63,61.46,124687,"11:22 ET"
ARVN,"Arvinas Inc",32.45,0.5,+1.56%,31.94,32.55,31.51,52893,"11:21 ET"
ARWR,"Arrowhead Pharma",42.32,-0.28,-0.66%,42.61,42.93,41.3,238091,"11:24 ET"
ASML,"Asml Hld NY Reg",368.15,3.34,+0.92%,362.22,368.22,361.9,266396,"11:24 ET"
ASND,"Ascendis Pharma Ads",144.5,-0.71000000000001,-0.49%,145,146.1,143.01,11220,"11:05 ET"
ASRT,"Assertio Therapeutics Inc",0.8569,-0.0131,-1.51%,0.8599,0.8599,0.8201,130757,"11:20 ET"
ATEX,Pdvwireless,43.95,-0.5,-1.12%,44.24,44.83,43.64,44460,"11:22 ET"
ATNI,"Atn International",60.92,2.56,+4.39%,58.38,61.17,58.38,6351,"11:23 ET"
ATNX,"Athenex Inc",13.5,0.11,+0.82%,13.31,13.52,13.12,60976,"11:25 ET"
ATRA,"Atara Biotherap",13.97,0.13,+0.94%,14.02,14.51,13.91,648054,"11:24 ET"
ATRC,"Atricure Inc",44.56,0.060000000000002,+0.13%,44.29,44.62,44.04,36087,"11:23 ET"
ATRI,"Atrion Corp",637.5,4.5,+0.71%,626.16,637.5,626.16,380,"11:15 ET"
ATSG,"Air Transport",21.99,0.62,+2.90%,21.3,22.02,21.27,107105,"11:25 ET"
ATVI,"Activision Blizzard",76.19,0.69,+0.91%,75.69,76.43,75.4,1656356,"11:25 ET"
AUB,"Atlantic Union Bancshares Corp",23.07,0.42,+1.85%,22.38,23.18,22.13,39352,"11:23 ET"
AVAV,"Aerovironment Inc",79.91,1.59,+2.03%,78.3,79.91,77.33,45855,"11:23 ET"
AVGO,"Broadcom Ltd",314.35,4.5700000000001,+1.48%,309.95,315.5,306.75,578530,"11:25 ET"
AVRO,"Avrobio Inc",17.29,-0.27,-1.54%,17.25,17.41,17.1,21159,"11:17 ET"
AVT,"Avnet Inc",27.89,0.82,+3.03%,27.08,27.9,26.76,138014,"11:23 ET"
AXDX,"Accelerate Diagnosti",15.19,0.74,+5.12%,14.62,15.19,14.45,201866,"11:21 ET"
AXGT,"Axovant Sciences Ltd",2.87,-0.0099999999999998,-0.35%,2.89,2.89,2.81,22257,"11:06 ET"
AXSM,"Axsome Thera",81.73,5.37,+7.03%,77.51,81.73,77,266419,"11:23 ET"
AY,"Atlantica Yield Plc",28.98,0.14,+0.49%,28.86,29.14,28.81,119229,"11:10 ET"
AZPN,"Aspen Technology",102.83,-0.61,-0.59%,103.29,103.51,100.83,63248,"11:24 ET"
BAND,"Bandwidth Inc",127.08,1.26,+1.00%,125.89,128.45,124.4,28971,"11:20 ET"
BANF,"Bancfirst Corp",39.92,0.88,+2.25%,38.81,39.92,38.81,16216,"11:23 ET"
BANR,"Banner Corp",38.39,1.06,+2.84%,36.99,38.47,36.79,40323,"11:20 ET"
BATRK,"Liberty Braves CS C",19.23,0.47,+2.51%,18.69,19.36,18.59,40514,"11:24 ET"
BBBY,"Bed Bath & Beyond",10.6,-0.22,-2.03%,10.7,11.35,10.44,3579540,"11:25 ET"
BBIO,"Bridgebio Pharma Inc",33.05,0.45999999999999,+1.41%,32.54,33.1,32.23,44304,"11:23 ET"
BCOR,"Blucora Inc",11.45,0.49,+4.47%,10.96,11.47,10.74,150500,"11:24 ET"
BCPC,"Balchem Cp",94.94,0.61,+0.65%,94.2,95.17,93.39,18890,"11:20 ET"
BCRX,"Biocryst Pharma Inc",4.71,-0.27,-5.42%,4.9,4.96,4.59,3038484,"11:25 ET"
BDGE,"Bridge Bancorp Inc",22.78,0.53,+2.38%,22.01,22.78,22.01,3403,"11:21 ET"
BEAT,"Biotelemetry Inc",44.87,0.47,+1.06%,44.34,45,43.55,52188,"11:25 ET"
BECN,"Beacon Roofing Suppl",26.63,0.59,+2.27%,25.64,26.68,25.52,71238,"11:25 ET"
BGCP,"Bgc Partners Cl A",2.71,-0.05,-1.81%,2.75,2.79,2.68,548683,"11:24 ET"
BGNE,"Beigene Ltd Ads",183.99,-5.21,-2.75%,185.93,188.94,181.17,75175,"11:23 ET"
BHF,"Brighthouse Financial Inc",27.57,0.6,+2.22%,26.66,27.65,26.66,189265,"11:25 ET"
BIDU,"Baidu Inc",121.22,-0.070000000000007,-0.06%,120.35,121.98,120.12,501150,"11:25 ET"
BIIB,"Biogen Inc",265.19,4.84,+1.86%,260.95,265.86,260.35,233452,"11:24 ET"
BILI,"Bilibili Inc ADR",47.42,1.92,+4.22%,45.3,47.92,45.3,2966890,"11:25 ET"
BKEP,"Blueknight Energy LP",1.3591,-0.0109,-0.80%,1.4,1.4,1.35,38467,"10:53 ET"
BKNG,"Booking Holdings Inc",1585.13,-8.0899999999999,-0.51%,1583.9,1596.68,1566.42,56191,"11:23 ET"
BL,"Blackline Inc",82.93,0.15000000000001,+0.18%,83.02,83.3,82.02,63373,"11:21 ET"
BLCM,"Bellicum Pharma Comm",7.45,-0.09,-1.19%,7.46,7.55,7.42,11014,"11:14 ET"
BLDR,"Builders Firstsource",20.57,0.11,+0.54%,20.38,20.58,20.06,91231,"11:25 ET"
BLKB,"Blackbaud Inc",57.95,0.83000000000001,+1.45%,57.17,58.47,56.58,51072,"11:21 ET"
BLMN,"Bloomin' Brands Inc",10.61,0.0099999999999998,+0.09%,10.38,10.65,10.09,864961,"11:25 ET"
BLUE,"Bluebird Bio",61.5,1.41,+2.35%,60.35,61.56,59.84,132799,"11:23 ET"
BMCH,"Bmc Stock Holdings",25.08,0.25,+1.01%,24.69,25.08,24.41,42858,"11:21 ET"
BMRN,"Biomarin Pharmaceuticals",123.16,0.97999999999999,+0.80%,122.19,123.32,121.04,160330,"11:25 ET"
BNGO,"Bionano Genomics Inc",0.4824,0.0124,+2.64%,0.48,0.49,0.46,3678658,"11:23 ET"
BOKF,"Bok Financial Corp",56.16,1.44,+2.63%,54.4,56.51,53.99,48751,"11:23 ET"
BPFH,"Boston Pvt Finl Hld",6.88,0.2,+2.99%,6.64,6.9,6.64,101455,"11:24 ET"
BPMC,"Blueprint Medicines Corp",76.81,0.26000000000001,+0.34%,76.51,77.18,75.53,84787,"11:23 ET"
BPOP,"Popular Inc",37.25,0.26,+0.70%,36.61,37.33,36.58,66154,"11:24 ET"
BPYU,"Brookfield Property REIT Inc",10.06,-0.12,-1.18%,10.41,10.5,10.01,226188,"11:24 ET"
BRID,"Bridgford Foods Cp",16.38,-0.52,-3.08%,16.36,16.38,16.36,251,"10:44 ET"
BRKL,"Brookline Bancorp",10.02,0.13,+1.31%,9.83,10.07,9.51,38357,"11:23 ET"
BRKR,"Bruker Corp",40.12,0.84999999999999,+2.16%,39.64,40.29,39.45,98535,"11:23 ET"
BRKS,"Brooks Automation",43.85,0.96,+2.24%,42.97,43.96,42.82,135561,"11:24 ET"
BUSE,"First Busey Corp",18.57,0.32,+1.75%,18.14,18.62,18.11,21268,"11:24 ET"
BYND,"Beyond Meat Inc",133.46,1.91,+1.45%,132.79,136.61,130.55,2201143,"11:25 ET"
BYSI,"Beyondspring Inc",15.18,0.46,+3.12%,14.5,15.42,14.5,37283,"11:23 ET"
BZUN,"Baozun Inc Ads",39,0.53,+1.38%,38.77,39.38,38.3,230851,"11:17 ET"
CAC,"Camden Natl Cp",34.35,0.79,+2.35%,33.14,34.52,33.14,4307,"11:08 ET"
CACC,"Credit Acceptance",421.04,0.88,+0.21%,408.87,425.46,408.87,74443,"11:22 ET"
CAKE,"Cheesecake Fact",22.97,0.23,+1.01%,22.69,23.18,22.15,1175527,"11:23 ET"
CALM,"Cal-Maine Foods IN",45,1.02,+2.32%,44.01,45.3,44.01,110376,"11:23 ET"
CAR,"Avis Budget Group",23.33,0.62,+2.73%,22.74,23.48,22.05,1084621,"11:24 ET"
CARG,"Cargurus Inc Cl A",25.14,0.64,+2.61%,24.32,25.14,24.27,184372,"11:24 ET"
CASH,"Meta Financial Group",18.07,0.16,+0.89%,17.78,18.29,17.56,46894,"11:23 ET"
CASS,"Cass Information Sys",38.45,0.050000000000004,+0.13%,38.36,38.72,37.86,9038,"11:18 ET"
CASY,"Casey's General Stor",147.67,-0.72,-0.49%,147.47,148,146.93,34646,"11:21 ET"
CATM,"Cardtronics Inc",24.74,0.61,+2.53%,24.24,24.74,23.75,49390,"11:25 ET"
CATY,"Cathay Genl Bncp",26.11,0.16,+0.62%,25.79,26.52,25.74,80693,"11:24 ET"
CBAY,"Cymabay Therapeutics",3.52,-0.04,-1.12%,3.59,3.67,3.44,412401,"11:25 ET"
CBPO,"China Biologic Produ",103.89,0.90000000000001,+0.87%,102.35,105.04,102.35,44476,"11:22 ET"
CBRL,"Cracker Barrel",110.24,0.92999999999999,+0.85%,108.34,110.44,107.01,87326,"11:23 ET"
CBSH,"Commerce Bancshares",59.41,0.91999999999999,+1.57%,57.75,59.54,57.66,58903,"11:25 ET"
CCLP,"CSI Compressco",0.72,-0.01,-1.37%,0.72,0.7246,0.69,28533,"11:23 ET"
CCMP,"Cabot Microelectron",138.26,4.45,+3.33%,133.33,138.41,132.62,25989,"11:23 ET"
CCOI,"Cogent Comm Hlds",76.42,-1.9,-2.43%,78.11,78.15,76.29,81461,"11:22 ET"
CCXI,"Chemocentryx Inc",55.08,0.36,+0.66%,54.38,55.15,53.01,150003,"11:24 ET"
CDEV,"Centennial Resource Development Inc",0.9095,-0.0405,-4.26%,0.9442,0.9475,0.89,4146202,"11:25 ET"
CDK,"Cdk Global Inc",41.25,0.22,+0.54%,40.79,41.33,40.66,74229,"11:20 ET"
CDLX,"Cardlytics Inc",68.18,-1.43,-2.05%,69.51,69.69,67.54,77127,"11:21 ET"
CDNA,"Caredx Inc",34.36,0.22,+0.64%,34.15,34.52,33.43,103581,"11:25 ET"
CDNS,"Cadence Design Sys",95.43,1.4,+1.49%,94.45,95.68,94.03,379566,"11:24 ET"
CDW,"CDW Corp",115.15,1.15,+1.01%,113.6,116,112.5,181810,"11:23 ET"
CENTA,"Central Garden & Pet",33.76,-0.3,-0.88%,34.07,34.34,33.65,19986,"11:25 ET"
CERN,"Cerner Corp",68.06,0.12,+0.18%,68.06,68.56,67.37,386749,"11:25 ET"
CFFN,"Capitol Fed Finl Inc",11,-0.029999999999999,-0.27%,10.85,11,10.8,71381,"11:23 ET"
CG,"The Carlyle Group",27.63,0.34,+1.25%,27.36,27.81,27.17,307718,"11:23 ET"
CGNX,"Cognex Cp",59.73,1.06,+1.81%,58.93,59.91,58.8,364372,"11:24 ET"
CHCO,"City Holding Company",65.54,2.01,+3.16%,62.69,65.89,62.69,26374,"11:24 ET"
CHDN,"Churchill Downs IN",133.64,0.91,+0.69%,131.25,133.64,130.55,44179,"11:22 ET"
CHKP,"Check Point Software",107.35,1,+0.94%,106.53,107.59,105.85,111284,"11:17 ET"
CHNG,"Change Healthcare Inc",11.04,-0.030000000000001,-0.27%,11.03,11.2,10.93,523368,"11:24 ET"
CHRS,"Coherus Bio",17.65,0.32,+1.85%,17.3,17.67,17.12,122310,"11:25 ET"
CHRW,"C.H. Robinson Ww",79.16,1.4,+1.80%,77.79,79.19,77.36,347366,"11:25 ET"
CHTR,"Charter Communicatio",506.71,-2.51,-0.49%,509.63,510.88,497.71,394413,"11:24 ET"
CINF,"Cincinnati Financial",64.15,0.40000000000001,+0.63%,62.96,64.32,62.96,154867,"11:25 ET"
CLLS,"Cellectis S.A. ADR",18.09,0.15,+0.84%,17.69,18.09,17.67,37689,"11:18 ET"
CLNE,"Clean Energy Fuels",2.19,0.01,+0.46%,2.19,2.22,2.16,220212,"11:21 ET"
CMCO,"Columbus Mckinnon",33.05,0.98,+3.06%,32.05,33.18,31.83,14566,"11:08 ET"
CMCSA,"Comcast Corp A",38.83,-0.11,-0.28%,38.5,38.89,38.12,5034643,"11:25 ET"
CME,"CME Group Inc",162.82,0.81,+0.50%,163.45,164.21,161.98,658649,"11:25 ET"
CMPR,"Cimpress N.V. Ord",75.74,-7,-8.46%,82.22,82.72,74.52,166797,"11:23 ET"
CMRX,"Chimerix Inc",3.12,-0.0099999999999998,-0.32%,3.12,3.16,3.02,173761,"11:18 ET"
CNOB,"Connectone Bancorp",15.99,0.39,+2.50%,15.45,16.01,15.22,28050,"11:23 ET"
CNSL,"Consolidated Communications Holdings Inc",6.64,0.25,+3.91%,6.37,6.64,6.37,48406,"11:22 ET"
CNST,"Constellation Pharmaceuticals Inc",28.6,-0.029999999999998,-0.10%,28.73,28.73,27.69,61841,"11:24 ET"
CNXN,"PC Connection Inc",47.41,0.26,+0.55%,47.21,47.65,46.91,11479,"11:22 ET"
COHR,"Coherent Inc",132.54,0.25999999999999,+0.20%,132.17,134.57,131.92,27302,"11:15 ET"
COKE,"Coca Cola Bot Cons",231.05,-0.75999999999999,-0.33%,230.6,232.99,228,2369,"11:20 ET"
COLB,"Columbia Banking Sys",28.35,0.65,+2.35%,27.42,28.41,27.42,36155,"11:21 ET"
COLM,"Columbia Sprtswr",80.63,0.77,+0.96%,79.99,80.63,79,79432,"11:25 ET"
COMM,"Commscope Holding Company",8.32,-0.029999999999999,-0.36%,8.3,8.4,8.13,1388910,"11:25 ET"
CONE,"Cyrusone Inc",73.15,-1.32,-1.77%,73.01,74.1,72.09,341494,"11:23 ET"
COOP,"Mr.Cooper Group Inc",12.56,0.23,+1.87%,12.2,12.61,12.09,98298,"11:23 ET"
CORE,"Core Mark Holding",24.98,0.2,+0.81%,24.76,25.02,24.58,14492,"11:20 ET"
CORT,"Corcept Therapeutics",16.88,0.13,+0.78%,16.66,17.03,16.59,121763,"11:23 ET"
COST,"Costco Wholesale",301.66,0.07000000000005,+0.02%,301.01,302.79,301,499722,"11:25 ET"
COUP,"Coupa Software Inc",276.38,3.44,+1.26%,274.99,278.35,271.45,295609,"11:24 ET"
CPRT,"Copart Inc",82.77,0.83,+1.01%,81.88,83,81.58,311238,"11:25 ET"
CREE,"Cree Inc",59.54,1.24,+2.13%,58.22,59.56,58.15,174851,"11:23 ET"
CROX,"Crocs Inc",36.13,1.06,+3.02%,36.19,36.57,35.36,514326,"11:25 ET"
CRSP,"Crispr Therapeutics Ag",71.59,-3.46,-4.61%,72.73,73.49,70.71,522179,"11:24 ET"
CRTO,"Criteo S.A. Ads",11.07,-0.23,-2.04%,11.32,11.38,11.02,43619,"11:21 ET"
CRTX,"Cortexyme Inc",44.92,-0.079999999999998,-0.18%,44.96,45.5,44.2,18224,"11:23 ET"
CRUS,"Cirrus Logic Inc",60.87,0.58,+0.96%,60.58,60.96,60.21,136809,"11:24 ET"
CRVL,"Corvel Cp",72.63,0.079999999999998,+0.11%,72.23,72.93,71.7,12790,"11:23 ET"
CRVS,"Corvus Pharma Com",2.78,-0.09,-3.14%,2.84,2.91,2.76,24639,"11:07 ET"
CRWD,"Crowdstrike Holdings Inc",99.96,1.86,+1.90%,98.44,100.13,97.33,1226228,"11:25 ET"
CSCO,"Cisco Systems Inc",46.71,0.56,+1.21%,46.15,47.01,45.97,6218997,"11:25 ET"
CSGP,"Costar Group Inc",704.5,12.87,+1.86%,692.5,704.56,689.27,30897,"11:23 ET"
CSGS,"C S G Sys Intl",41.62,-0.19,-0.45%,41.86,44.45,41,28228,"11:24 ET"
CSII,"Cardiovascular Syst",31.17,0.18,+0.58%,30.9,31.3,30.9,32494,"11:24 ET"
CSIQ,"Canadian Solar Inc",19.53,0.5,+2.63%,18.95,19.55,18.94,138135,"11:23 ET"
CSOD,"Cornerstone Ondemand",38.57,0.31,+0.81%,38.18,38.59,38.02,32508,"11:21 ET"
CSTE,"Caesarstone Sdot-Yam",11.58,0.42,+3.76%,11.11,11.66,11.09,17902,"11:15 ET"
CSX,"CSX Corp",69.18,0.68000000000001,+0.99%,68.16,69.26,67.99,585975,"11:24 ET"
CTAS,"Cintas Corp",266.04,2.43,+0.92%,261.6,266.68,260.01,100125,"11:25 ET"
CTBI,"Community TR Bancp",32.47,0.26,+0.81%,31.75,32.68,31.75,7123,"11:18 ET"
CTMX,"Cytomx Thera",8.33,0.12,+1.46%,8.24,8.34,8.06,34364,"11:23 ET"
CTRE,"Caretrust REIT Inc",17.65,0.48,+2.80%,17.18,17.71,16.66,725840,"11:25 ET"
CTSH,"Cognizant Tech Sol",57.15,0.66,+1.17%,56.59,57.55,56.27,1063009,"11:24 ET"
CTXS,"Citrix Systems Inc",147.71,2.89,+2.00%,146.57,147.91,145,276183,"11:24 ET"
CVBF,"Cvb Financial Corp",18.83,0.43,+2.34%,18.27,18.89,18.25,153415,"11:25 ET"
CVCO,"Cavco Inds Inc",192.59,-3.39,-1.73%,196,196.07,190.13,6891,"11:11 ET"
CVET,"Covetrus Inc",17.59,0.21,+1.21%,17.31,17.79,17,167540,"11:23 ET"
CVGW,"Calavo Growers Inc",62.68,1.12,+1.82%,61.67,62.68,61.67,9680,"11:23 ET"
CVLT,"Commvault Systems",38.87,0.73999999999999,+1.94%,38.34,39,38.13,31567,"11:23 ET"
CWST,"Casella Waste Sys",51.16,0.59,+1.17%,50.56,51.74,50.06,42565,"11:23 ET"
CYBR,"Cyberark Soft Ord",97.12,2.46,+2.60%,94.21,97.13,94.01,79347,"11:18 ET"
CYCN,"Cyclerion Therapeutics Inc",5.93,0.02,+0.34%,5.86,5.98,5.71,24652,"11:24 ET"
CYTK,Cytokinetics,23.6,0.010000000000002,+0.04%,23.49,23.8,23.2,45391,"11:22 ET"
CZR,"Caesars Entertainment Corp",12.04,-0.030000000000001,-0.25%,12.02,12.12,11.93,2023228,"11:25 ET"
DBX,"Dropbox Inc",21.6,0.31,+1.46%,21.39,21.6,21.24,1079452,"11:25 ET"
DCPH,"Deciphera Pharmaceuticals Inc",58.93,0.4,+0.68%,58.13,59.26,57.69,45841,"11:21 ET"
DDOG,"Datadog Inc Cl A",85.46,1.74,+2.08%,84.29,85.63,83.28,846226,"11:25 ET"
DENN,"Dennys Corp",10.21,-0.02,-0.20%,10.08,10.31,9.86,276375,"11:23 ET"
DFFN,"Diffusion Pharmaceuticals Inc",0.9838,0.0038,+0.39%,0.98,1.01,0.967,331904,"11:21 ET"
DHC,"Diversified Healthcare Trust",4.45,0.05,+1.14%,4.35,4.47,4.31,217744,"11:25 ET"
DHIL,"Diamond Hill Inv",110.77,3.41,+3.18%,109.32,112.35,109.31,9800,06/29/20
DIOD,"Diodes Inc",50.55,1.04,+2.10%,49.3,50.8,49.3,32927,"11:14 ET"
DISCA,"Discovery Comm A",21.22,-0.010000000000002,-0.05%,21.18,21.33,20.91,847167,"11:25 ET"
DISCK,"Discovery Comm Inc",19.36,0.009999999999998,+0.05%,19.28,19.41,19.04,363197,"11:25 ET"
DISH,"Dish Network Corp",33.26,0.21,+0.64%,32.97,33.46,32.65,287315,"11:25 ET"
DKNG,"Draftkings Inc",33.29,-0.25,-0.75%,33.06,34.65,32.91,3614708,"11:24 ET"
DLTR,"Dollar Tree Inc",91.77,-1.9,-2.03%,92.82,93.54,91.19,740160,"11:25 ET"
DNKN,"Dunkin' Brands Group",65.65,1.07,+1.66%,64.56,65.69,64.01,218217,"11:19 ET"
DNLI,"Denali Therapeutics Inc",24.16,0.46,+1.94%,23.56,24.17,23.34,74481,"11:25 ET"
DOCU,"Docusign Inc",172.19,0.52000000000001,+0.30%,172.36,174.48,169.77,1113697,"11:24 ET"
DORM,"Dorman Products Inc",67.25,0.38,+0.57%,66.99,67.72,66.64,9165,"11:15 ET"
DOX,"Amdocs Ltd Ord",60.99,0.79,+1.31%,60.37,60.99,60.06,149813,"11:25 ET"
DRNA,"Dicerna Pharmaceutic",25.01,0.29,+1.17%,24.66,25.01,24.34,128509,"11:24 ET"
DXCM,Dexcom,393.86,-4.34,-1.09%,397.8,398.96,391.83,199495,"11:24 ET"
EA,"Electronic Arts Inc",131.67,0.97999999999999,+0.75%,132.61,133,130.58,476640,"11:25 ET"
EBAY,"Ebay Inc",52.47,1.16,+2.26%,51.42,52.51,51.32,3344306,"11:25 ET"
EBIX,"Ebix Inc",22.05,0.16,+0.73%,21.78,22.27,21.66,40964,"11:23 ET"
EBSB,"Meridian Bncp",11.56,0.2,+1.76%,11.29,11.6,11.29,12580,"11:23 ET"
EBTC,"Enterprise Bancorp",24,-0.33,-1.36%,24,24,23.55,640,"11:19 ET"
ECOL,"US Ecology Inc",33.16,0.56,+1.72%,32.42,33.2,32.4,18312,"11:24 ET"
ECOR,"Electrocore Inc",0.84,-0.01,-1.19%,0.84,0.84,0.8109,73708,"11:12 ET"
ECPG,"Encore Capital Group",34.43,0.35,+1.03%,33.84,34.74,33.78,65926,"11:24 ET"
EDIT,"Editas Medicine",29.42,0.080000000000002,+0.27%,29.13,29.59,28.68,203372,"11:24 ET"
EEFT,"Euronet Worldwide",95,1.48,+1.58%,93.64,95.12,92.55,111546,"11:23 ET"
EFSC,"Enterprises Finl Svc",30.87,0.99,+3.31%,29.66,30.92,29.66,12402,"11:21 ET"
EGBN,"Eagle Bancorp Inc",32.78,1.09,+3.44%,31.64,32.78,31.64,23596,"11:18 ET"
EGOV,"Nic Inc",23.05,0.14,+0.61%,22.91,23.15,22.86,49043,"11:22 ET"
EGRX,"Eagle Pharmaceuticals",47.75,-0.27,-0.56%,47.83,48.58,47.22,11953,"11:23 ET"
EHTH,"Ehealth Inc",96.03,0.76000000000001,+0.80%,94.89,97.81,94.89,140345,"11:19 ET"
EIDX,"Eidos Therapeutics Inc",45.32,0.45,+1.00%,44.9,45.32,43.62,16382,"11:18 ET"
ELOX,"Eloxx Pharmaceuticals Inc",3.03,-0.05,-1.62%,3.09,3.1,2.95,8038,"11:24 ET"
ENDP,"Endo Int'l Plc",3.41,-0.06,-1.73%,3.45,3.51,3.38,1112235,"11:23 ET"
ENPH,"Enphase Energy Inc",47.26,-0.19,-0.40%,47.68,48.48,47.02,1037192,"11:23 ET"
ENSG,"The Ensign Group IN",41.46,0.98,+2.42%,40.28,41.55,40.17,27740,"11:23 ET"
ENTA,"Enanta Pharmaceutica",49.57,0.53,+1.08%,48.91,49.74,48.21,12350,"11:23 ET"
ENTG,"Entegris Inc",59,1.03,+1.78%,57.16,59.01,56.46,323037,"11:24 ET"
EPAY,"Bottomline Tech IN",50.59,1.25,+2.53%,49.47,50.66,49.47,21839,"11:22 ET"
EPZM,"Epizyme Inc",16.17,-0.079999999999998,-0.49%,16.24,16.73,15.81,117431,"11:24 ET"
EQIX,"Equinix Inc",697.12,8.2,+1.19%,698.5,700.94,689.55,91200,"11:25 ET"
ERI,"Eldorado Resorts",39.48,-0.11000000000001,-0.28%,39.04,40,38.3,1393048,"11:25 ET"
ERIC,"Ericsson ADR",9.3,0.06,+0.65%,9.12,9.3,9.09,5638980,"11:23 ET"
ERIE,"Erie Indemnity Company",191.48,2.98,+1.58%,189.31,192.24,186.79,4522,"11:24 ET"
ESGR,"Enstar Group Ltd",153.49,0.58000000000001,+0.38%,152.66,153.78,151.31,9081,"11:16 ET"
ESLT,"Elbit Systems Ltd",137.3,4.52,+3.40%,135.54,137.3,135.16,21658,"11:15 ET"
ESPR,"Esperion Theraptc",51.19,3.55,+7.45%,47.57,51.24,47.11,210080,"11:25 ET"
ETFC,"E*Trade Finl Corp",49.3,0.57,+1.17%,48.51,49.42,48.41,485264,"11:24 ET"
ETSY,"Etsy Inc",105.24,2.35,+2.28%,103.26,105.61,102.71,1341328,"11:25 ET"
EVBG,"Everbridge Inc",137.09,1.9,+1.41%,136.41,138.71,135.56,95099,"11:16 ET"
EWBC,"East West Bancorp",36.24,0.98,+2.78%,35.1,36.41,34.87,189494,"11:25 ET"
EXAS,"Exact Sciences Cor",86.66,0.64,+0.74%,85.9,86.75,84.91,286723,"11:24 ET"
EXC,"Exelon Corp",36.45,0.46,+1.28%,35.7,36.5,35.59,1041866,"11:25 ET"
EXEL,"Exelixis Inc",23.42,0.69,+3.04%,22.64,23.42,22.64,465481,"11:25 ET"
EXLS,"Exlservice Holdings",62.66,0.15,+0.24%,62.17,62.82,62.1,24291,"11:22 ET"
EXPD,"Expeditors Intl",75.2,0.90000000000001,+1.21%,74.62,75.28,74.43,141248,"11:25 ET"
EXPE,"Expedia Group Inc",82.19,-0.48,-0.58%,83.15,83.15,80.85,693227,"11:25 ET"
EXPO,"Exponent Inc",79.98,0.79000000000001,+1.00%,79.19,80,79.19,44917,"11:22 ET"
EYE,"National Vision Holdings Inc",30.76,0.44,+1.45%,30.4,30.81,29.9,152626,"11:23 ET"
EYEG,"Eyegate Pharma",4.81,-0.090000000000001,-1.84%,4.99,4.99,4.8,6014,"11:03 ET"
EZPW,"Ezcorp Inc",6.38,0.11,+1.75%,6.25,6.38,6.22,63852,"11:20 ET"
FANG,"Diamondback Energy",41.16,-0.27,-0.65%,40.79,41.8,39.84,688321,"11:25 ET"
FANH,"Fanhua Inc",20.17,0.11,+0.55%,20.1,20.24,20.08,8506,"11:10 ET"
FAST,"Fastenal Company",42.43,0.51,+1.22%,41.7,42.49,41.46,1017727,"11:25 ET"
FATE,"Fate Therapeutics",34.17,1.56,+4.78%,32.38,34.23,32.2,152361,"11:25 ET"
FB,"Facebook Inc",221.7,1.06,+0.48%,220.59,222.3,218.47,9284160,"11:25 ET"
FBNC,"First Bancorp [Nc]",24.71,0.37,+1.52%,24.15,24.84,23.83,12530,"11:23 ET"
FCFS,"First Cash Fin Svcs",66.93,0.67,+1.01%,66.16,67.21,65.3,46785,"11:25 ET"
FCNCA,"First Citizens Bancs",403.66,8.25,+2.09%,392.31,404.97,392.31,4764,"11:18 ET"
FELE,"Franklin Electric Company",52.48,0.37,+0.71%,52.2,52.79,51.87,18259,"11:22 ET"
FEYE,"Fireeye Inc",12.2,0.1,+0.83%,12.09,12.23,11.79,603321,"11:24 ET"
FFBC,"First Finl Bncp [Oh]",13.84,0.22,+1.62%,13.43,13.94,13.43,60635,"11:24 ET"
FFIC,"Flushing Finl Corp",11.46,-0.059999999999999,-0.52%,11.44,11.58,11.23,30409,"11:25 ET"
FFIN,"First Finl Bkshs Inc",28.54,0.58,+2.07%,27.75,28.58,27.75,151801,"11:24 ET"
FFIV,"F5 Networks Inc",139.69,2.28,+1.66%,137.91,139.96,137.57,101204,"11:24 ET"
FGEN,"Fibrogen Inc CS",40.47,-0.12,-0.30%,40.35,41.09,39.88,50227,"11:23 ET"
FHB,"First Hawaiian Inc",17.08,0.42,+2.52%,16.01,17.11,16.01,317556,"11:23 ET"
FIBK,"First Interstate Ban",31.28,0.6,+1.96%,30.44,31.4,30.44,21077,"11:23 ET"
FISV,"Fiserv Inc",97.1,0.089999999999989,+0.09%,96.28,97.17,96.01,625257,"11:25 ET"
FITB,"Fifth Third Bncp",19.14,0.4,+2.13%,18.52,19.32,18.47,2674661,"11:25 ET"
FIVE,"Five Below Inc",106.61,-0.5,-0.47%,107.09,107.09,105.02,274370,"11:24 ET"
FIVN,"Five9 Inc",108.3,0.58,+0.54%,107.95,109.81,107.4,162504,"11:20 ET"
FIXX,"Homology Medicines Inc",15.39,0.38,+2.53%,14.89,15.39,14.6,43311,"11:21 ET"
FIZZ,"Natl Beverage Cp",60.96,-0.12,-0.20%,61.17,62.11,60.88,28103,"11:18 ET"
FLEX,"Flextronics Intl Ltd",10.33,0.1,+0.98%,10.14,10.58,10.06,1208498,"11:24 ET"
FLIC,"First of Long Isla",16.31,0.13,+0.80%,16.06,16.39,16.05,8763,"11:21 ET"
FLIR,"Flir Systems Inc",40.19,0.14,+0.35%,39.99,40.61,39.86,346930,"11:23 ET"
FMAO,"Farmers & Merch Banc",21.2,0.2,+0.95%,20.73,21.2,20.73,597,"11:23 ET"
FMBI,"First Midwest Bncp",13.35,0.16,+1.21%,13.04,13.45,13.04,58380,"11:23 ET"
FNLC,"First Bancorp Inc",20.98,0,0.00%,20.8,21.01,20.8,578,"10:44 ET"
FOLD,"Amicus Therapeutics",15.16,-0.38,-2.45%,15.33,15.5,14.91,626840,"11:24 ET"
FORM,"Formfactor Inc",28.95,0.85,+3.02%,28.2,29.16,28.1,82548,"11:24 ET"
FORR,"Forrester Resrch",31.53,-0.07,-0.22%,31.41,31.85,31.34,3706,"10:52 ET"
FOX,"Fox Corp Cl B",26.76,-0.029999999999998,-0.11%,26.76,27.16,26.52,229351,"11:24 ET"
FOXA,"Fox Corp Cl A",26.93,0.030000000000001,+0.11%,26.8,26.99,26.51,622244,"11:25 ET"
FOXF,"Fox Factory Cp",84.25,2.62,+3.21%,81.28,84.83,80.21,84623,"11:24 ET"
FPRX,"Five Prime Thera",6.54,-0.16,-2.39%,6.67,6.74,6.36,73158,"11:22 ET"
FRME,"First Merchants Corp",27.51,0.53,+1.96%,26.7,27.51,26.7,21141,"11:23 ET"
FRPT,"Freshpet Inc CS",82.79,1.19,+1.46%,81.89,82.94,81.3,43643,"11:23 ET"
FSLR,"First Solar Inc",49.76,0.15,+0.30%,49.69,50.34,49.2,706339,"11:25 ET"
FSV,"Firstsrvce Sub VT Sh",101.03,1.68,+1.69%,99.29,101.06,99.25,7448,"11:05 ET"
FTDR,"Frontdoor Inc",45.18,0.11,+0.24%,44.82,45.23,44.26,58953,"11:23 ET"
FTNT,"Fortinet Inc",137.02,3.55,+2.66%,134.12,137.15,133.47,293667,"11:23 ET"
FULT,"Fulton Financial Cor",10.54,0.1,+0.96%,10.24,10.55,10.24,283957,"11:25 ET"
FWONK,"Liberty Media F1 Series K",31.89,-0.29,-0.90%,32.19,32.43,31.56,373415,"11:25 ET"
FWRD,"Foward Air Corp",50.04,1,+2.04%,48.8,50.05,48.8,7271,"11:23 ET"
GABC,"German Amer Bncp Inc",31.25,0.96,+3.17%,30.1,31.25,30.1,24192,"11:24 ET"
GASS,"Stealthgas Inc",2.74,0.03,+1.11%,2.71,2.95,2.65,21301,"11:23 ET"
GBCI,"Glacier Bancorp Inc",35.16,0.55,+1.59%,34.19,35.26,34.19,82688,"11:23 ET"
GBT,"Global Blood Ther",64.43,-2.07,-3.11%,66.52,67.18,64.15,192938,"11:24 ET"
GDEN,"Golden Entmt",9.02,0.17,+1.92%,8.79,9.07,8.49,141236,"11:25 ET"
GDS,"Gds Holdings Ltd",80.8,0.69,+0.86%,79.7,81.74,79.3,273096,"11:25 ET"
GEOS,"Geospace Technologie",8,-0.0099999999999998,-0.12%,7.96,8.08,7.75,18479,"11:22 ET"
GGAL,"Grupo Fin Galicia",9.94,-0.39,-3.78%,10.3,10.54,9.87,466494,"11:25 ET"
GH,"Guardant Health Inc",80.03,0.030000000000001,+0.04%,79.66,80.37,78.35,246625,"11:24 ET"
GILD,"Gilead Sciences Inc",76.06,1.5,+2.01%,74.34,76.25,73.91,2592065,"11:25 ET"
GLIBA,"Gci Liberty Inc Cl A",70.36,3.31,+4.94%,69.4,70.88,66.96,896159,"11:23 ET"
GLPG,"Galapagos NV",197.47,0.91999999999999,+0.47%,195.68,197.47,194.99,28718,"11:25 ET"
GLPI,"Gaming & Leisure",34.62,0.079999999999998,+0.23%,34.6,34.85,34.22,150597,"11:25 ET"
GLYC,"Glycomimetics Inc",3.77,0.03,+0.80%,3.8,3.86,3.7,227343,"11:24 ET"
GNTX,"Gentex Corp",25.81,0.029999999999998,+0.12%,25.45,25.81,25.35,630016,"11:21 ET"
GO,"Grocery Outlet Holding Corp",41.15,-0.35,-0.84%,41.6,41.83,40.79,247747,"11:24 ET"
GOGL,"Golden Ocean Gp",3.84,-0.09,-2.29%,3.87,3.87,3.76,91301,"11:09 ET"
GOOD,"Gladstone Comml",18.93,0.33,+1.77%,18.68,19.03,18.47,29299,"11:22 ET"
GOOG,"Alphabet Cl C",1397.95,2.98,+0.21%,1390.44,1399.11,1383.96,500687,"11:24 ET"
GOOGL,"Alphabet Cl A",1402.16,4.99,+0.36%,1396.88,1403.19,1386.93,413305,"11:25 ET"
GOSS,"Gossamer Bio Inc",12.73,0.12,+0.95%,12.55,12.76,12.46,60359,"11:24 ET"
GRFS,"Grifols S.A.",18.49,-0.15,-0.80%,18.5,18.55,18.36,149623,"11:23 ET"
GRMN,"Garmin Ltd",97.33,1.18,+1.23%,96.67,97.35,96.18,148268,"11:23 ET"
GRPN,"Groupon Cl A",18.61,-0.47,-2.46%,18.94,19.16,18.25,667843,"11:25 ET"
GRTS,"Gritstone Oncology Inc",6.6,-0.08,-1.20%,6.66,6.76,6.47,39603,"11:18 ET"
GSBC,"Great Southern Bncp",40.09,0.53,+1.34%,39.1,40.43,39.1,9751,"11:23 ET"
GSM,"Ferroglobe Plc Os",0.51,-0.009,-1.73%,0.54,0.5693,0.5039,126764,"11:10 ET"
GT,"Goodyear Tire Rubber",8.93,-0.09,-1.00%,8.93,9.02,8.7,1411196,"11:24 ET"
GTHX,"G1 Therapeutics Inc",24.14,-0.030000000000001,-0.12%,23.83,24.33,23.51,166795,"11:24 ET"
GTLS,"Chart Industries IN",47.95,0.75,+1.59%,46.81,48.39,46.43,107575,"11:24 ET"
GTYH,"Gty Technology Holdings Inc",4.07,-0.04,-0.97%,4.1,4.11,3.98,9304,"11:09 ET"
GWPH,"Gw Pharma ADR",121.5,-0.42,-0.34%,123.5,123.94,121.02,56900,"11:25 ET"
HA,"Hawaiian Hlds Inc",14.02,-0.25,-1.75%,14.15,14.39,13.7,224947,"11:24 ET"
HAIN,"Hain Celestial Group",31.57,0.58,+1.87%,31.21,31.63,30.9,126765,"11:24 ET"
HALO,"Halozyme Therapeutic",26.21,0.39,+1.51%,26.25,26.28,25.51,211561,"11:25 ET"
HAS,"Hasbro Inc",74.22,0.42999999999999,+0.58%,73.29,75.03,72.4,174883,"11:24 ET"
HBAN,"Huntington Bcshs",8.97,0.1,+1.13%,8.75,8.98,8.66,6762615,"11:25 ET"
HBMD,"Howard Bancorp MD",10.81,0.34,+3.25%,10.44,10.82,10.44,2401,"11:00 ET"
HCAT,"Health Catalyst Inc",28.72,1.12,+4.06%,27.51,28.77,27.5,100724,"11:24 ET"
HCSG,"Healthcare Svcs Gp",24.45,-0.07,-0.29%,24.37,24.49,24.06,406098,"11:23 ET"
HDS,"HD Supply Hlds Cmm",34.15,0.49,+1.46%,33.7,34.24,33.62,208464,"11:25 ET"
HEES,"H&E Equip Services",18.12,-0.3,-1.63%,18.26,18.54,17.51,55860,"11:24 ET"
HELE,"Helen of Troy Ltd",188.31,0.090000000000003,+0.05%,188.58,190,185.86,28078,"11:22 ET"
HFFG,"HF Foods Group Inc",8.89,0.1,+1.14%,8.45,8.99,8.36,72042,"11:17 ET"
HLIO,"Helios Technologies Inc",37.35,-0.16,-0.43%,37.35,37.64,36.76,15652,"11:18 ET"
HLNE,"Hamilton Lane Incorporated Cl A",66.64,1.9,+2.93%,64.7,66.67,64.3,26938,"11:21 ET"
HMST,"Homestreet Inc",24.45,0.4,+1.66%,23.9,24.59,23.62,12651,"11:14 ET"
HMSY,"Hms Hlds Cp",31.7,0.21,+0.67%,31.39,31.73,31.39,38352,"11:20 ET"
HOLI,"Hollysys Automation",13.51,0.29,+2.19%,13.26,13.51,13.26,25076,"11:19 ET"
HOLX,"Hologic Inc",56.08,2.75,+5.16%,54.07,56.28,53.85,686584,"11:25 ET"
HOMB,"Home Bancshares Inc",15.3,0.46,+3.10%,14.64,15.35,14.35,173987,"11:23 ET"
HONE,"Harborone Bancorp Inc",8.5,0.23,+2.78%,8.22,8.5,7.98,75219,"11:23 ET"
HOPE,"Hope Bancorp Inc",9.16,0.18,+2.00%,8.96,9.2,8.92,250176,"11:24 ET"
HQY,Healthequity,59.06,0.96,+1.65%,58.13,59.17,57.74,119696,"11:25 ET"
HRTX,"Heron Therapeutics",14.78,0.52,+3.65%,14.3,14.96,14.01,1371394,"11:25 ET"
HSIC,"Henry Schein Inc",58.7,0.64,+1.10%,57.7,58.79,57.35,213065,"11:24 ET"
HSKA,"Heska Corp",93.67,2.51,+2.75%,91.09,93.67,81.98,6464,"11:09 ET"
HTHT,"Huazhu Group Ltd",35.5,0.049999999999997,+0.14%,35.52,36.01,35.01,150924,"11:23 ET"
HTLD,"Heartland Express",20.84,0.35,+1.71%,20.42,20.84,20.42,42826,"11:23 ET"
HTLF,"Heartland Finl USA",33.53,0.99,+3.04%,32.3,33.55,32.3,20020,"11:20 ET"
HUBG,"Hub Group Inc A",47.88,1.19,+2.55%,46.54,47.89,46.54,44109,"11:23 ET"
HURN,"Huron Consulting",44.28,0.57,+1.30%,43.41,44.31,42.97,18852,"11:23 ET"
HWC,"Hancock Whitney Corp",21.02,0.47,+2.29%,20.24,21.13,20.24,37498,"11:24 ET"
HZNP,"Horizon Therapeutics",55.2,-0.079999999999998,-0.14%,54.86,55.29,54.61,400820,"11:24 ET"
IAC,"Iac Interactive",320.97,3.0700000000001,+0.97%,317.82,321.4,315.01,244535,"11:24 ET"
IART,"Integra Lifesciences",46.61,0.13,+0.28%,46.32,46.7,46.12,46919,"11:24 ET"
IBKC,"Iberiabank Corp",45.1,1.27,+2.90%,43.3,45.59,43.3,58426,"11:23 ET"
IBKR,"Interactive Brokers",41.54,0.21,+0.51%,41.25,41.68,41.18,56719,"11:23 ET"
IBOC,"Intl Bancshares",31.79,0.56,+1.79%,30.94,31.98,30.68,33196,"11:23 ET"
IBTX,"Independent Bank Group",40.04,1.1,+2.82%,38.5,40.23,38.5,44735,"11:23 ET"
ICFI,"Icf International",64.2,2.27,+3.67%,61.33,64.61,61.31,45490,"11:23 ET"
ICLR,"Icon Plc",165.51,3.02,+1.86%,162.98,166.16,160.8,34307,"11:21 ET"
ICPT,"Intercept Pharmaceuticals",46.3,-0.40000000000001,-0.86%,47,47.33,45.46,1505554,"11:24 ET"
ICUI,"I C U Medical Inc",181.51,1.35,+0.75%,180.4,181.78,179.3,25041,"11:22 ET"
IDCC,"Interdigital Inc",57.08,-0.15,-0.26%,56.85,57.25,56.3,37197,"11:20 ET"
IDXX,"Idexx Laboratories",329.27,1.37,+0.42%,327.61,330,324.38,167718,"11:23 ET"
IEP,"Icahn Enterprises",47.95,0.090000000000003,+0.19%,47.72,48.1,47.7,22373,"11:23 ET"
IFRX,"Fireman B.V.",4.62,-0.21,-4.35%,4.88,4.95,4.59,147615,"11:25 ET"
IGMS,"Igm Biosciences Inc",68.92,0.98,+1.44%,68,69.11,67.92,26442,"11:10 ET"
IIVI,"I I V I Inc",47.3,-1.09,-2.25%,45.25,48.5,45.06,1571196,"11:25 ET"
ILMN,"Illumina Inc",366.12,3.81,+1.05%,362.31,366.33,358.18,169866,"11:24 ET"
ILPT,"Industrial Logistics Properties Trust",20.66,0.43,+2.13%,20.21,20.76,20.21,58876,"11:22 ET"
IMGN,"Immunogen Inc",4.59,0.21,+4.79%,4.33,4.59,4.29,721501,"11:23 ET"
IMMU,"Immunomedics Inc",34.78,0.55,+1.61%,34.17,34.97,33.79,562645,"11:25 ET"
INBK,"First Internet Bcp",16.87,0.4,+2.43%,16.49,16.87,16.06,7642,"11:22 ET"
INCY,"Incyte Corp",102.93,0.45,+0.44%,102.53,103.49,101.67,195733,"11:23 ET"
INDB,"Independent Bk Corp",66.51,2.02,+3.13%,64.58,66.8,63.5,23643,"11:23 ET"
INFN,"Infinera Corp",5.94,0.11,+1.89%,5.85,5.95,5.75,382959,"11:25 ET"
INMD,"Inmode Ltd",27.98,0.09,+0.32%,27.64,28.21,27.25,136781,"11:22 ET"
INOV,"Inovalon Hlds Cm A",19.05,0.55,+2.97%,18.38,19.06,18.38,87947,"11:23 ET"
INSM,"Insmed Inc",27.29,0.43,+1.60%,26.86,27.43,26.77,94187,"11:23 ET"
INTC,"Intel Corp",59.51,1.24,+2.13%,58.71,59.81,58.3,6383456,"11:25 ET"
INTU,"Intuit Inc",293.77,5.85,+2.03%,289.15,294.02,288,230023,"11:25 ET"
INVA,"Innoviva Inc",14.03,-0.12,-0.85%,14.07,14.15,13.86,86090,"11:22 ET"
IONS,"Ionis Pharmaceuticals",58.95,-0.45,-0.76%,59.06,59.58,58.31,183605,"11:25 ET"
IOSP,"Innospec Inc",76.48,1,+1.32%,74.97,76.52,74.3,12968,"11:17 ET"
IOVA,"Iovance Biotherapeutics Inc",27.29,0.079999999999998,+0.29%,27.39,27.8,26.34,516969,"11:25 ET"
IPAR,"Inter Parfums Inc",47.84,0.3,+0.63%,47.53,48.22,47.08,16563,"11:15 ET"
IPGP,"Ipg Photonics Corp",161.38,4.22,+2.69%,157.53,161.44,157.34,37769,"11:15 ET"
IQ,"Iqiyi Inc ADR",23.14,-0.12,-0.52%,23.44,23.53,23.04,1282704,"11:25 ET"
IRBT,"Irobot Corp",85.3,1.49,+1.78%,83.54,85.33,83,101511,"11:25 ET"
IRDM,"Iridium Comm Inc",24.96,0.12,+0.48%,24.76,25.06,24.39,96847,"11:24 ET"
IRTC,"Irhythm Technologies Inc",115.2,0.23,+0.20%,114.66,118.38,112.73,28533,"11:24 ET"
IRWD,"Ironwood Pharmaceuti",10.25,0.07,+0.69%,10.14,10.25,10.06,148518,"11:23 ET"
ISBC,"Investors Bancorp",8.4,0.15,+1.82%,8.17,8.43,8.01,211345,"11:23 ET"
ISRG,"Intuitive Surg Inc",565.32,11.55,+2.09%,554.65,565.55,551.98,126483,"11:25 ET"
ISTR,"Investar Holding",14.35,-0.11,-0.76%,14.24,14.46,14.24,2334,"11:10 ET"
ITCI,"Intra-Cellular Ther",25.46,0.28,+1.11%,24.88,25.46,24.69,213692,"11:23 ET"
ITRI,"Itron Inc",66.6,2.01,+3.11%,64.52,66.7,63.92,33369,"11:23 ET"
ITRN,"Ituran Location",15.99,-0.24,-1.48%,16.09,16.12,15.71,12216,"11:09 ET"
JACK,"Jack IN The Box Inc",73.91,0.34999999999999,+0.48%,73,74.07,72.11,57365,"11:20 ET"
JAZZ,"Jazz Pharma Plc",108.75,-0.83,-0.76%,109.76,110.36,107.54,131957,"11:24 ET"
JBHT,"J B Hunt Transport",120.63,0.55,+0.46%,119.86,120.68,119.67,63622,"11:24 ET"
JBLU,"Jetblue Airways Cp",10.91,-0.15,-1.36%,10.9,11.13,10.59,5385120,"11:24 ET"
JCOM,"J2 Global Inc",66.21,-3.29,-4.73%,64.63,67.8,61,1128973,"11:23 ET"
JD,"Jd.com Inc Ads",60.06,0.48,+0.81%,59.36,60.34,59.21,3331102,"11:25 ET"
JJSF,"J J Snack Foods",126.83,2.27,+1.82%,125.34,127.05,124.9,18099,"11:17 ET"
JKHY,"Jack Henry & Assoc",181.23,-0.25,-0.14%,180.88,183.1,180.88,92644,"11:24 ET"
JOBS,"51Job Inc",71.19,1.28,+1.83%,69.99,71.34,69.87,43067,"11:25 ET"
JRVR,"James River Gp HD",45.11,0.37,+0.83%,44.6,45.18,44.44,10289,"11:16 ET"
KALU,"Kaiser Aluminum",73.52,0.11999999999999,+0.16%,72.82,74.63,72.45,11440,"11:23 ET"
KALV,"Kalvista Pharmaceuticals Inc",12.49,-0.17,-1.34%,12.56,12.88,12.4,6973,"11:13 ET"
KBAL,"Kimball Intl Cl B",11.7,0.030000000000001,+0.26%,11.63,11.77,11.52,14668,"11:24 ET"
KELYA,"Kelly Svcs Cl A",15.79,0.41,+2.67%,15.26,15.79,15.16,32324,"11:25 ET"
KHC,"Kraft Heinz Company",31.84,0.2,+0.63%,31.64,31.92,31.5,1036667,"11:25 ET"
KLAC,"K L A-Tencor Corp",194.09,2.36,+1.23%,191.03,195.4,190.68,279515,"11:21 ET"
KLIC,"Kulicke and Soffa",20.41,0.21,+1.04%,20.27,20.81,20.27,384921,"11:24 ET"
KLXE,"Klx Energy Services Holdings Inc",2.12,-0.05,-2.30%,2.17,2.18,2.04,152814,"11:24 ET"
KNSA,"Kiniksa Pharmaceuticals Ltd",25.85,-0.15,-0.58%,26.97,27.3,25.39,162629,"11:18 ET"
KNSL,"Kinsale Capital Group Inc",155.84,4.07,+2.68%,156.12,157.13,154,50073,"11:21 ET"
KOD,"Kodiak Sciences Inc",56.19,2.5,+4.66%,53.91,56.21,53.14,56359,"11:23 ET"
KOPN,"Kopin Cp",1.39,0.17,+13.93%,1.295,1.39,1.28,538210,"11:24 ET"
KPTI,"Karyopharm Therapeut",18.64,0.64,+3.56%,17.96,18.64,17.8,308870,"11:23 ET"
KRNT,"Kornit Digital Ord",49.57,0.57,+1.16%,49.21,49.77,48.37,70850,"11:22 ET"
KRNY,"Kearny Financial",8.16,0.11,+1.37%,7.98,8.21,7.98,27674,"11:23 ET"
KRTX,"Karuna Therapeutics Inc",109.09,2.83,+2.66%,105.89,109.85,104.54,35983,"11:24 ET"
KTOS,"Kratos Defns",15.38,-0.11,-0.71%,15.46,15.7,15.17,158591,"11:24 ET"
LAMR,"Lamar Advertis A",66.98,0.46000000000001,+0.69%,66.43,67.05,65.01,79850,"11:24 ET"
LANC,"Lancaster Colony Cor",154,2.33,+1.54%,151.71,154.81,150.61,10810,"11:17 ET"
LAUR,"Laureate Education Inc",10.07,0.15,+1.51%,9.79,10.08,9.6,70315,"11:24 ET"
LBAI,"Lakeland Bancorp Inc",11.24,0.17,+1.54%,11,11.26,10.98,24118,"11:23 ET"
LBRDA,"Liberty Broadbd A",121.1,-1.66,-1.35%,122.95,122.95,116.6,93406,"11:24 ET"
LBRDK,"Liberty Broadbd C",122.5,-2.48,-1.98%,124.25,126.51,116.78,955626,"11:24 ET"
LBTYA,"Liberty Global Ord A",21.62,-0.24,-1.10%,21.79,22.03,21.62,190433,"11:25 ET"
LBTYK,"Liberty Global Ord C",21.28,-0.2,-0.93%,21.52,21.72,21.27,464241,"11:24 ET"
LECO,"Lincoln Elec Hld",84.65,1.8,+2.17%,82.81,84.65,82.02,73053,"11:21 ET"
LFUS,"Littelfuse Inc",170.96,3.24,+1.93%,167.47,171.59,167.47,12776,"11:07 ET"
LGIH,"LGI Homes Inc",87.85,1.81,+2.10%,86.09,87.85,85.29,35732,"11:20 ET"
LGND,"Ligand Pharm",113.76,0.74000000000001,+0.65%,112.63,114.93,112.36,59153,"11:23 ET"
LHCG,"LHC Group Inc",171.8,-0.38999999999999,-0.23%,172.36,172.36,164.7,69306,"11:21 ET"
LILA,"Liberty Latin America Cl A",9.58,0.0099999999999998,+0.10%,9.49,9.58,9.37,62277,"11:22 ET"
LILAK,"Liberty Latin America Cl C",9.3,-0.040000000000001,-0.43%,9.24,9.31,9.08,103245,"11:25 ET"
LITE,"Lumentum Hld",81.91,3.5,+4.46%,78.88,82.27,78.5,841483,"11:24 ET"
LIVN,"Livanova Plc OR Sh",47.57,0.51,+1.08%,46.8,47.69,46.64,51228,"11:22 ET"
LIVX,"Livexlive Media Inc",3.5,0.22,+6.71%,3.31,3.55,3.28,227979,"11:25 ET"
LKCO,"Luokung Technology Corp",0.625,-0.005,-0.79%,0.6315,0.658,0.6146,128828,"11:10 ET"
LKFN,"Lakeland Finl Corp",46.24,0.92,+2.03%,44.84,46.55,44.84,17073,"11:15 ET"
LKQ,"LKQ Corp",26.03,0.2,+0.77%,25.8,26.04,25.45,491826,"11:24 ET"
LMAT,"Lemaitre Vascular",26.03,0.060000000000002,+0.23%,25.81,26.05,25.56,15812,"11:22 ET"
LMNX,"Luminex Corp",31.91,1.78,+5.91%,30.58,32.15,30.26,108887,"11:24 ET"
LNT,"Alliant Energy Corp",48.1,0.7,+1.48%,47.41,48.13,47.29,180722,"11:25 ET"
LOB,"Live Oak Bancsh",14.36,0.26,+1.84%,13.93,14.46,13.86,11469,"11:15 ET"
LOGI,"Logitech Int S.A.",65.06,1.18,+1.85%,64.52,65.06,64.09,145273,"11:15 ET"
LOGM,"Logmein Inc",85.22,-0.070000000000007,-0.08%,85.23,85.25,85.13,55980,"11:25 ET"
LOOP,"Loop Industries Inc",9.33,0.13,+1.41%,9.29,9.7,9.12,4918,"10:47 ET"
LOPE,"Grand Canyon Educati",91.78,1.26,+1.39%,90.66,91.78,90.1,40961,"11:23 ET"
LORL,"Loral Space Comm",19.53,-0.16,-0.81%,19.71,19.71,19.3,18412,"11:20 ET"
LPLA,"Lpl Financial Hld",76.89,0.42,+0.55%,75.7,77.43,75.7,87248,"11:23 ET"
LPSN,"Liveperson Inc",40.77,0.24,+0.59%,40.51,40.97,40.21,128972,"11:23 ET"
LRCX,"Lam Research Corp",323.7,15.24,+4.94%,311.19,325.49,307.82,1158969,"11:25 ET"
LSCC,"Lattice Semicond",28.1,0.8,+2.93%,27.67,28.38,27.51,410703,"11:24 ET"
LSTR,"Landstar System",111.67,1.26,+1.14%,110.35,111.75,110.35,41548,"11:24 ET"
LSXMA,"Liberty Srs XM CS A",34.24,0.76000000000001,+2.27%,33.35,34.28,33.17,90670,"11:23 ET"
LSXMK,"Liberty Srs XM CS C",34.28,0.79,+2.36%,33.5,34.34,33.17,416706,"11:24 ET"
LULU,"Lululemon Athletica",307.93,13.58,+4.61%,305,318.32,302.5,2874149,"11:25 ET"
LVGO,"Livongo Health Inc",74.64,3.08,+4.30%,71.84,74.69,71.5,728699,"11:23 ET"
LX,"Lexinfintech Holdings Ltd",10.57,-0.06,-0.56%,10.63,10.73,10.51,146038,"11:25 ET"
LXRX,"Lexicon Pharmaceutcl",2.04,0.06,+3.03%,2.01,2.04,1.96,189541,"11:21 ET"
LYFT,"Lyft Inc Cl A",33.03,-0.030000000000001,-0.09%,32.77,33.12,32.22,1571187,"11:24 ET"
MANH,"Manhattan Assoc",94.63,0.67,+0.71%,93.23,94.8,92.96,69708,"11:23 ET"
MANT,"Mantech Intl Cp A",68.64,0.43000000000001,+0.63%,68.03,69.2,68.03,54300,"11:10 ET"
MAR,"Marriot Int Cl A",86.22,-0.38,-0.44%,85.41,87.01,84,1284794,"11:25 ET"
MASI,"Masimo Corp",222.81,3.08,+1.40%,220.85,223.32,219.7,55602,"11:23 ET"
MAT,"Mattel Inc",9.67,0.07,+0.73%,9.52,9.71,9.49,477904,"11:24 ET"
MCHP,"Microchip Technology",104.52,1.95,+1.90%,102.86,104.84,101.03,485226,"11:25 ET"
MCRB,"Seres Theraptc",4.96,0.29,+6.21%,4.8,5.28,4.7,296280,"11:24 ET"
MCRI,"Monarch Casino",34.18,0.13,+0.38%,33.91,34.51,33.6,14712,"11:21 ET"
MDB,"Mongodb Inc Cl A",224.46,4.04,+1.83%,221.23,225.7,218.23,228545,"11:23 ET"
MDGL,"Madrigal Pharmaceuticals Inc",110.82,8.08,+7.86%,104.28,111,102.25,55041,"11:22 ET"
MDLZ,"Mondelez Intl Inc",50.92,0.34,+0.67%,50.7,51.06,50.47,671442,"11:25 ET"
MDRX,"Allscripts Hlthcare",6.73,0.2,+3.06%,6.46,6.75,6.45,201824,"11:23 ET"
MEDP,"Medpace Holdings Inc",90.99,0.77,+0.85%,90.33,91.26,89.75,25540,"11:23 ET"
MELI,"Mercadolibre Inc",978,-2.83,-0.29%,982,990.88,977.19,67618,"11:25 ET"
MERC,"Mercer Intl Inc",8.17,0.050000000000001,+0.62%,8.09,8.3,8.07,15938,"11:21 ET"
MGEE,"Mge Energy Inc",64.83,1.06,+1.66%,63.73,64.83,63.6,10908,"11:23 ET"
MGIC,"Magic Software Entpr",11.3,0.32,+2.91%,11.14,11.3,11.04,9527,"11:09 ET"
MGLN,"Magellan Health",71.82,1.47,+2.09%,70.19,71.92,69.7,13909,"11:18 ET"
MGNX,Macrogenics,28.11,-0.17,-0.60%,28.07,28.31,27.6,114931,"11:23 ET"
MGPI,"MGP Ingredients Inc",36.71,-0.44,-1.18%,37.06,37.31,36.49,7097,"11:13 ET"
MGRC,"Mcgrath Rentcorp",54.21,0.54,+1.01%,53.41,54.33,53.41,9779,"11:23 ET"
MGTA,"Magenta Therapeutics Inc",7.65,0.23,+3.10%,7.41,7.73,7.33,152450,"11:17 ET"
MIDD,"Middleby Corp",80.59,0.66,+0.83%,78.77,80.89,78.51,175076,"11:24 ET"
MIME,"Mimecast Ltd Ord",41.18,0.45,+1.10%,40.39,41.18,39.84,186659,"11:23 ET"
MINI,"Mobile Mini Inc",31.56,0.02,+0.06%,31.57,32.16,30.81,157732,"11:25 ET"
MKSI,"Mks Instruments Inc",112.14,1.86,+1.69%,110,113,108.8,136999,"11:24 ET"
MKTX,"Marketaxess Holdings",496.04,-2.57,-0.52%,506.72,507.71,495.67,45088,"11:24 ET"
MLCO,"Melco Resorts & Entertainment",15.16,-0.25,-1.62%,15.3,15.49,14.95,885464,"11:25 ET"
MLHR,"Miller Herman Inc",24.3,-2.01,-7.64%,26.17,26.75,23.84,797166,"11:25 ET"
MMSI,"Merit Medical Sys",45.06,1.14,+2.60%,43.79,45.11,42.85,71930,"11:22 ET"
MMYT,"Makemytrip Ltd",15.49,0.19,+1.24%,15.48,15.51,14.73,124390,"11:20 ET"
MNRO,"Monro Muffler Brak",55.24,0.080000000000005,+0.15%,54.95,55.64,54.23,37783,"11:17 ET"
MNST,"Monster Beverage Cp",68.84,-0.27,-0.39%,69.09,69.22,68.66,253193,"11:24 ET"
MNTA,"Momenta Pharma",34.21,-1.72,-4.79%,35.11,35.7,32.47,966615,"11:23 ET"
MOMO,"Momo Inc Ads",17.27,-0.23,-1.31%,17.41,17.6,17.09,1414831,"11:23 ET"
MORN,"Morningstar Inc",140.88,0.25,+0.18%,139.57,141.37,139.57,21292,"11:23 ET"
MPB,"Mid Penn Bancorp Inc",18.01,0.26,+1.46%,18,18.29,17.96,852,"11:13 ET"
MPWR,"Monolithic Power Sys",237,7.05,+3.07%,230.62,237.4,230,47618,"11:21 ET"
MRCY,"Mercury Sys Inc",77.64,-0.40000000000001,-0.51%,77.83,78.51,76.6,86890,"11:23 ET"
MRKR,"Marker Therapeutics Inc",2.05,0.03,+1.49%,2.05,2.06,1.98,145137,"11:09 ET"
MRNA,"Moderna Inc",64.89,2.81,+4.53%,62.18,65.16,61,4830288,"11:25 ET"
MRTN,"Marten Transport L",24.99,0.16,+0.64%,24.69,25.43,24.69,16841,"11:19 ET"
MRTX,"Mirati Therapeutics",115.17,0.47,+0.41%,114.09,116.85,113.52,81519,"11:25 ET"
MRVL,"Marvell Tech Group",35.01,1.45,+4.32%,33.62,35.08,33.61,2507439,"11:25 ET"
MSEX,"Middlesex Water Company",67.55,1.63,+2.47%,65.35,67.55,65.35,9792,"11:22 ET"
MSFT,"Microsoft Corp",201.39,2.95,+1.49%,197.88,201.62,197.72,7514427,"11:25 ET"
MSTR,"Microstrategy Cl A",119.29,0.79000000000001,+0.67%,118.05,119.48,117.66,5596,"11:24 ET"
MTCH,"Match Group Inc CS",106.13,0.13,+0.12%,106.18,106.58,104.51,1083080,"11:22 ET"
MTSC,"M T S Systems Cp",17.21,0.030000000000001,+0.17%,17.02,17.52,16.78,29274,"11:19 ET"
MTSI,"Macom Technology S",34.32,1.43,+4.35%,33,34.34,32.63,75014,"11:25 ET"
MU,"Micron Technology",52.1,2.95,+6.00%,51.78,52.47,51.15,24465908,"11:25 ET"
MXIM,"Maxim Integrated",60.58,0.98,+1.64%,59.79,60.77,58.34,483082,"11:25 ET"
MYGN,"Myriad Genetics Inc",11.12,0.1,+0.91%,10.8,11.36,10.66,556332,"11:24 ET"
MYL,"Mylan NV Ord Shs",16.02,0.029999999999999,+0.19%,15.97,16.06,15.63,1269893,"11:25 ET"
MYOK,"Myokardia Inc",97.55,0.78999999999999,+0.82%,95.94,98.17,95.07,76667,"11:25 ET"
NARI,"Inari Medical Inc",48,-0.020000000000003,-0.04%,48.47,49.42,47.6,91393,"11:09 ET"
NATI,"Natl Instruments Cor",38.49,0.5,+1.32%,38.15,38.63,37.78,129302,"11:24 ET"
NAVI,"Navient Cp",7.3,0.06,+0.83%,7.16,7.34,7.08,590947,"11:25 ET"
NBIX,"Neurocrine Bioscienc",123.35,-2.15,-1.71%,125.1,125.98,122.94,122587,"11:24 ET"
NBL,"Noble Energy Inc",8.66,0.0099999999999998,+0.12%,8.47,8.72,8.26,5845883,"11:25 ET"
NBTB,"NBT Bancorp Inc",31.04,0.81,+2.68%,30.06,31.15,30.06,35739,"11:21 ET"
NCNA,"Nucana Plc ADR",5.5,0.0099999999999998,+0.18%,5.43,5.55,5.37,18217,"11:04 ET"
NDAQ,"Nasdaq Inc",118.57,1.02,+0.87%,116.83,118.57,116.45,78305,"11:24 ET"
NDSN,"Nordson Corp",187.56,2.7,+1.46%,185.24,187.69,184.94,27641,"11:23 ET"
NEO,"Neogenomics Inc",29.84,0.68,+2.33%,29.24,29.86,29.17,410936,"11:23 ET"
NEOG,"Neogen Cp",77.21,2,+2.66%,74.84,77.21,74.84,24133,"11:21 ET"
NERV,"Minerva Neuroscie",3.57,0.08,+2.29%,3.49,3.58,3.43,422811,"11:22 ET"
NESR,"National Energy Services Reunited Corp",6.87,0.12,+1.78%,6.6,6.93,6.56,111732,"11:17 ET"
NEXT,"Nextdecade Corp",2.18,-0.02,-0.91%,2.19,2.2,2.13,13834,"11:24 ET"
NFBK,"Northfield Bncrp Del",11.51,0.21,+1.86%,11.26,11.55,11.26,20085,"11:23 ET"
NFLX,"Netflix Inc",452.13,4.89,+1.09%,450.02,453.65,447,1211470,"11:24 ET"
NGHC,"National General Hld",21.53,0.42,+1.99%,20.99,21.54,20.91,25029,"11:22 ET"
NICE,"Nice Ltd",187.6,1.98,+1.07%,184.67,187.74,184,70369,"11:22 ET"
NKTR,"Nektar Therapeutics",22.82,0.4,+1.78%,22.26,22.82,22.15,189433,"11:22 ET"
NLOK,"Nortonlifelock Inc.",19.89,0.46,+2.37%,19.49,19.9,19.44,762355,"11:25 ET"
NMIH,"Nmi Holdings Inc",16.1,0.34,+2.16%,15.77,16.18,15.54,180593,"11:25 ET"
NMRK,"Newmark Group Inc Cl A",4.8,0.069999999999999,+1.48%,4.73,4.82,4.62,126703,"11:24 ET"
NNDM,"Nano Dimension Ads",2.16,0.04,+1.89%,2.13,2.16,2.07,439833,"11:23 ET"
NOVT,"Novanta Inc",106.87,2.97,+2.86%,103.68,106.87,103.68,10650,"11:23 ET"
NRC,"National Research Corp",56.84,0.68000000000001,+1.21%,56.13,56.84,56.13,3008,"11:17 ET"
NSIT,"Insight Enterpr",49.79,0.92,+1.88%,48.92,49.92,48.75,21132,"11:21 ET"
NTAP,"Netapp Inc",44.97,0.95,+2.16%,43.98,45.05,43.77,548935,"11:25 ET"
NTCT,"Netscout Systems",25.66,0.27,+1.06%,25.3,25.68,25.27,52148,"11:24 ET"
NTES,"Netease Inc Ads",435.2,2.56,+0.59%,434.42,437.78,430.11,167180,"11:17 ET"
NTGR,"Netgear Inc",24.91,0.48,+1.96%,24.47,25.02,24.47,58760,"11:24 ET"
NTNX,"Nutanix Inc",23.32,0.52,+2.28%,22.84,23.34,22.7,596232,"11:23 ET"
NTRA,"Natera Inc",48.97,1.27,+2.66%,48,49.65,47.65,202318,"11:24 ET"
NTRS,"Northern Trust Corp",78.5,2.2,+2.88%,76.39,78.59,76.09,249549,"11:25 ET"
NTUS,"Natus Medical Inc",21.59,0.14,+0.65%,21.44,21.73,20.75,20114,"11:24 ET"
NUAN,"Nuance Communicatns",25.53,0.18,+0.71%,25.42,25.64,25.36,378577,"11:24 ET"
NUVA,"Nuvasive Inc",54.84,0.49,+0.90%,54.29,54.98,53.77,200766,"11:23 ET"
NVAX,"Novavax Inc",87.11,3.5,+4.19%,85,89.5,81.01,3247608,"11:25 ET"
NVCR,"Novocure Ltd Ord Sh",58.04,0.34,+0.59%,57.9,58.63,57.46,171636,"11:25 ET"
NVDA,"Nvidia Corp",378.73,10.73,+2.92%,372.56,380.38,370.27,3602832,"11:25 ET"
NVMI,"Nova Measuring Instr",47.88,1.31,+2.81%,46.91,48.09,46.85,35680,"11:07 ET"
NWBI,"Northwest Bancshares",10.27,0.26,+2.60%,9.94,10.28,9.94,101728,"11:25 ET"
NWL,"Newell Rubbermaid Inc",15.69,0.1,+0.64%,15.56,15.72,15.34,418258,"11:25 ET"
NWLI,"Natl Wstrn Life Gp A",198.56,3.2,+1.64%,193.42,198.56,193.42,2348,"10:54 ET"
NWS,"News Cp Cl B",11.76,0.029999999999999,+0.26%,11.7,11.79,11.63,40144,"11:23 ET"
NWSA,"News Cp Cl A",11.7,0.049999999999999,+0.43%,11.68,11.74,11.6,306573,"11:23 ET"
NXGN,"Nextgen Healthcare Inc",10.95,0.21,+1.96%,10.66,10.97,10.56,26497,"11:23 ET"
NXPI,"Nxp Semiconductors",114.17,2.59,+2.32%,113.35,114.79,111.35,692178,"11:24 ET"
NXST,"Nexstar Broadcasting",83.3,-0.39,-0.47%,83.69,84.51,82.76,55420,"11:22 ET"
NXTC,"Nextcure Inc",22.23,0.039999999999999,+0.18%,22.27,22.3,21.64,43593,"11:16 ET"
NYMT,"New York Mtge Trust",2.64,-0.04,-1.49%,2.59,2.66,2.56,1086482,"11:23 ET"
OCFC,"Oceanfirst Finl Corp",17.55,0.52,+3.05%,16.88,17.6,16.88,37354,"11:23 ET"
ODFL,"Old Dominion Freight Line Inc.",168.6,3.93,+2.39%,165.17,168.81,164.76,166773,"11:25 ET"
ODP,"Office Depot",2.31,0.05,+2.21%,2.5,12.35,2.19,5696486,"11:24 ET"
OFIX,"Orthofix Intl NV",31.87,0.83,+2.67%,30.93,31.87,30.93,8825,"11:17 ET"
OFLX,"Omega Flex Inc",105.79,1.28,+1.22%,104.51,105.79,103.12,1494,06/30/20
OKTA,"Okta Inc Cl A",198.72,-1.12,-0.56%,195,199.82,193.06,563362,"11:24 ET"
OLED,"Universal Display",150.67,3.79,+2.58%,147.33,150.8,145.04,81893,"11:25 ET"
OLLI,"Ollies Bargain CS",98.76,-0.28999999999999,-0.29%,99.6,100.19,97.86,323268,"11:23 ET"
OMCL,"Omnicell Inc",70.29,1.64,+2.39%,68.39,70.36,68.01,47285,"11:23 ET"
ON,"On Semiconductor",19.84,0.32,+1.64%,19.59,19.95,19.5,2261597,"11:25 ET"
ONB,"Old National Bncp",13.85,0.33,+2.44%,13.29,13.88,13.29,184074,"11:24 ET"
ONEM,"1Life Healthcare Inc",34.72,1.99,+6.08%,33.18,34.72,32.97,467893,"11:25 ET"
OPCH,"Option Care Health Inc",13.56,0.09,+0.67%,13.32,13.56,13.07,29894,"11:23 ET"
OPI,"Office Properties Income Trust",26.5,0.4,+1.53%,25.94,26.61,25.25,14102,"11:16 ET"
OPK,"Opko Health Inc",3.28,0.33,+11.19%,3,3.31,2.97,7685806,"11:23 ET"
OPTN,"Optinose Inc",7.52,1.1,+17.13%,7.73,8.7,7.25,381683,"11:25 ET"
ORGO,"Organogenesis Holdings Inc",3.89,0.07,+1.83%,3.8,3.95,3.76,24353,"11:21 ET"
ORLY,"O'Reilly Automotive",421.75,-0.63999999999999,-0.15%,419.76,421.95,417.87,85184,"11:23 ET"
OSIS,"O S I Systems Inc",74.54,0.7,+0.95%,73.29,74.54,73.29,14419,"11:24 ET"
OTTR,"Otter Tail Corp",39.08,0.51,+1.32%,38.42,39.19,38.23,13448,"11:16 ET"
OVID,"Ovid Therapeutics Inc",7.44,-0.24,-3.12%,7.62,7.88,7.44,379114,"11:23 ET"
OZK,"Bank Ozk",23.17,0.61,+2.70%,22.51,23.21,22.51,246736,"11:23 ET"
PAAS,"Pan Amer Silver Corp",30.27,2.07,+7.34%,28.16,30.35,28.03,1555617,"11:25 ET"
PACB,"Pacific Biosciences",3.45,-0.01,-0.29%,3.44,3.52,3.42,241045,"11:23 ET"
PACW,"Pacwest Bancorp",19.55,0.65,+3.44%,18.6,19.64,18.6,330449,"11:24 ET"
PATK,"Patrick Inds Inc",60.05,1.73,+2.97%,58.21,60.19,56.62,26569,"11:10 ET"
PAYX,"Paychex Inc",74.98,1.26,+1.71%,73.6,75.04,73.3,486318,"11:25 ET"
PBCT,"People's United Finl",11.48,0.17,+1.50%,11.19,11.58,11.15,1129425,"11:25 ET"
PCAR,"Paccar Inc",74.27,0.58999999999999,+0.80%,73.04,74.39,72.79,214338,"11:25 ET"
PCH,"Potlatch Cp",38.51,0.78,+2.07%,37.55,38.61,37.53,65260,"11:23 ET"
PCRX,"Pacira Pharm Inc",52.24,0.22,+0.42%,51.9,53.07,51.06,199569,"11:23 ET"
PCTY,"Paylocity Hld Corp",144.79,5.23,+3.75%,138.95,144.83,138.95,85661,"11:24 ET"
PDCE,"Pdc Energy Inc",12.02,0.02,+0.17%,11.82,12.09,11.58,352889,"11:25 ET"
PDCO,"Patterson Companies",22.26,-0.24,-1.07%,22.5,22.64,22.15,244565,"11:24 ET"
PDD,"Pinduoduo Inc ADR",87.4,-0.069999999999993,-0.08%,88.82,90.48,85.37,3547380,"11:25 ET"
PEGA,"Pegasystems Inc",100.62,3.06,+3.14%,98.03,100.62,97.92,58183,"11:21 ET"
PEIX,"Pacific Ethanol Inc",0.6857,0.0301,+4.59%,0.689,0.7,0.6603,163222,"11:08 ET"
PENN,"Penn Natl Gaming Inc",30.84,1.06,+3.56%,29.3,31.4,29.06,4996789,"11:25 ET"
PEP,"Pepsico Inc",132.09,1.01,+0.77%,131.83,132.38,130.8,886239,"11:25 ET"
PFBC,"Preferred Bank LA",42.54,0.84,+2.01%,41.9,42.96,41.53,10215,"11:23 ET"
PFG,"Principal Financial Group Inc",41.28,0.93,+2.30%,39.87,41.36,39.8,433248,"11:25 ET"
PFIS,"Peoples Finl Svcs Company",37.4,0.66,+1.80%,37.3,37.52,37.3,738,"11:16 ET"
PFPT,"Proofpoint Inc",110.16,1.96,+1.81%,108.39,110.93,107.45,124625,"11:24 ET"
PGEN,"Precigen Inc.",4.97,0.09,+1.84%,4.8,5.04,4.77,469002,"11:23 ET"
PGNY,"Progyny Inc",25.52,1.12,+4.59%,24.08,25.64,23.95,131722,"11:24 ET"
PINC,"Premier Inc Cl A",34.06,0.5,+1.49%,33.47,34.13,33.47,85105,"11:25 ET"
PLAY,"Dave & Buster's Ente",13.43,0.29,+2.21%,13.09,13.43,12.61,2989150,"11:25 ET"
PLCE,"Children's Place Inc",37.98,-0.11000000000001,-0.29%,36.44,38.37,36.1,142336,"11:25 ET"
PLMR,"Palomar Holdings Inc",84.36,2.39,+2.92%,82.51,84.57,82.3,32651,"11:24 ET"
PLUS,"Eplus Inc",71.98,0.52000000000001,+0.73%,71.19,72.93,70.99,3846,"11:23 ET"
PLXS,"Plexus Cp",70.53,1.15,+1.66%,69.12,70.66,69,30526,"11:23 ET"
PLYA,"Playa Hotels & Resorts N.V.",3.62,-0.03,-0.82%,3.62,3.66,3.49,245430,"11:23 ET"
PNFP,"Pinnacle Finl Ptnrs",41.91,0.81,+1.97%,41.17,42.36,39.71,109493,"11:24 ET"
PNTG,"The Pennant Group Inc",22.2,-0.17,-0.76%,22.17,22.91,21.84,10251,"11:15 ET"
PODD,"Insulet Corp",188.3,1.33,+0.71%,187,188.84,185.37,53293,"11:24 ET"
POOL,"Pool Corp",271.09,5.3,+1.99%,265.46,271.09,265.06,32801,"11:23 ET"
POWI,"Power Integratn",118.68,2.86,+2.47%,116.43,119.02,116.43,27828,"11:23 ET"
PPBI,"Pacific Premier Bncp",21.61,0.56,+2.66%,20.85,21.72,20.67,70243,"11:23 ET"
PPC,"Pilgrim's Pride",16.9,0.59,+3.62%,16.29,17.02,16.27,311218,"11:24 ET"
PPD,"Ppd Inc",26.9,0.6,+2.28%,26.3,26.9,26.01,36655,"11:18 ET"
PRAA,"Pra Group Inc",38.64,0.88,+2.33%,37.68,38.74,37.5,40055,"11:25 ET"
PRAH,"Pra Health",96.63,2.68,+2.85%,93.48,96.63,93.48,30105,"11:23 ET"
PRDO,"Perdoceo Education Corp.",16.14,0.46,+2.93%,15.66,16.17,15.66,77623,"11:25 ET"
PRFT,"Perficient Inc",36.15,0.83,+2.35%,35.29,36.15,35.04,53670,"11:24 ET"
PRGS,"Progress Software",39.19,0.25,+0.64%,38.74,39.43,38.74,58322,"11:24 ET"
PRIM,"Primoris Services Cp",17.64,0.1,+0.57%,17.42,17.64,17.18,30425,"11:20 ET"
PRNB,"Principia Biopharma Inc",56.63,0.35,+0.62%,55.9,56.8,55.03,116896,"11:18 ET"
PRQR,"Proqr Therapeutics",6.1,0.02,+0.33%,6.08,6.11,5.8,25216,"11:22 ET"
PRTA,"Prothena Corp",10.26,-0.0099999999999998,-0.10%,10.22,10.51,9.98,19563,"11:22 ET"
PRTK,"Paratek Pharma Inc",5.25,0.14,+2.74%,5.12,5.39,5.08,415508,"11:21 ET"
PS,"Pluralsight Inc Cl A",17.76,0.41,+2.36%,17.61,17.95,17.36,215318,"11:22 ET"
PSMT,"Pricesmart Inc",60.74,0.6,+1.00%,60.14,60.85,58.7,11717,"11:09 ET"
PTC,"Ptc Inc",77.57,1.13,+1.48%,76.57,77.63,75.74,124215,"11:25 ET"
PTCT,"Ptc Therapeutics",50.35,-0.29,-0.57%,50,51,49.21,248891,"11:19 ET"
PTEN,"Patterson-Uti Energy",3.37,-0.09,-2.60%,3.41,3.41,3.28,1052324,"11:25 ET"
PTON,"Peloton Interactive Inc",58.14,0.93,+1.63%,56.24,59.11,55.37,2878070,"11:25 ET"
PUB,"Peoples Utah",22.03,0.080000000000002,+0.36%,21.92,22.27,21.92,4769,"11:06 ET"
PYPL,"Paypal Holdings",171.72,3.37,+2.00%,170.7,172.15,169,1602784,"11:25 ET"
PZZA,"Papa John's Intl",78.31,-0.069999999999993,-0.09%,78.82,78.82,75.76,263756,"11:23 ET"
QCOM,"Qualcomm Inc",91.21,2.2,+2.47%,89.2,91.93,88.98,3244924,"11:25 ET"
QDEL,"Quidel Cp",220,9.57,+4.55%,211.38,220.23,211.38,267423,"11:24 ET"
QIWI,"Qiwi Plc ADR",17.29,-0.12,-0.69%,17.02,17.33,17.02,63422,"11:24 ET"
QLYS,"Qualys Inc",103.35,2.52,+2.50%,101.47,103.43,99.01,89077,"11:23 ET"
QRTEA,"Qurate Retail Group",9.42,0.15,+1.62%,9.2,9.47,9.17,366399,"11:25 ET"
QRVO,"Qorvo Inc",110.19,2.76,+2.57%,107.92,110.31,107.18,295950,"11:24 ET"
QTT,"Qutoutiao Inc ADR",2.94,0.09,+3.16%,2.81,2.95,2.8,308419,"11:25 ET"
QURE,"Uniqure N.V.",45.34,-0.38999999999999,-0.85%,45.51,46.6,44.65,145709,"11:23 ET"
RARE,"Ultragenyx Pharmaceu",76.25,2.59,+3.52%,73.17,76.47,72.43,78149,"11:23 ET"
RAVN,"Raven Industries Inc",21.34,0.34,+1.62%,20.92,21.41,19.93,17442,"11:18 ET"
RBCAA,"Republic Bancorp Inc",32.53,0.47,+1.47%,31.7,32.69,31.7,3343,"11:09 ET"
RCII,"Rent-A-Center Inc",28.19,1.06,+3.91%,27.1,28.19,27.05,83797,"11:21 ET"
RCKT,"Rocket Pharmaceuticals Inc",20.8,-0.29,-1.38%,21.06,21.48,20.31,189851,"11:21 ET"
RCM,"R1 Rcm Inc",10.98,0.13,+1.20%,10.8,10.99,10.67,150861,"11:23 ET"
RDFN,"Redfin Corp",41.62,2.26,+5.74%,39.4,41.7,39.39,367785,"11:23 ET"
RDWR,"Radware Ltd",23.51,0.25,+1.07%,23.5,23.54,23.19,17592,"11:22 ET"
REAL,"The Realreal Inc",12.75,-0.08,-0.62%,12.87,12.89,12.56,357316,"11:24 ET"
REG,"Regency Centers Corp",46.52,0.7,+1.53%,45.96,46.62,45.26,81169,"11:23 ET"
REGN,"Regeneron Pharmaceuticals",616.11,5.24,+0.86%,621.93,621.93,610.86,127662,"11:25 ET"
REPL,"Replimune Group Inc",25.93,0.85,+3.39%,25.08,25.94,24.65,8610,"11:21 ET"
RETA,"Reata Pharma",154.08,0.15000000000001,+0.10%,154.57,156.02,152.12,48536,"11:16 ET"
REYN,"Reynolds Consumer Products Inc",34.8,0.26,+0.75%,34.46,34.88,34.3,29371,"11:23 ET"
RGEN,"Repligen Cp",120.89,1.8,+1.51%,119.82,122.69,119.09,175198,"11:24 ET"
RGLD,"Royal Gold Inc",123.26,2.93,+2.43%,120.18,123.49,119.21,70253,"11:24 ET"
RGNX,"Regenxbio Inc",37.09,0.13,+0.35%,36.88,37.38,36.48,55553,"11:24 ET"
RMBS,"Rambus Inc",15.11,0.47,+3.21%,14.69,15.12,14.67,97382,"11:25 ET"
RMR,"The Rmr Grp A",29.6,-0.38,-1.27%,29.86,29.9,28.75,20890,"11:23 ET"
RNST,"Renasant Corp",24.78,0.66,+2.74%,23.99,24.8,23.76,45786,"11:20 ET"
ROCK,"Gibraltar Ind Inc",48.55,1.15,+2.43%,47.16,48.7,47.16,20607,"11:23 ET"
ROIC,"Retail Opp Invts Cp",11.62,0.069999999999999,+0.61%,11.43,11.76,11.33,309668,"11:24 ET"
ROKU,"Roku Inc",117.33,2.28,+1.98%,115.1,117.68,113.88,2430266,"11:25 ET"
ROLL,"RBC Bearings Incorp",133.46,2.06,+1.57%,130.65,135.4,129.05,24612,"11:16 ET"
ROSE,"Rosehill Resources Inc",0.75,-0.0178,-2.32%,0.74,0.7759,0.72,59907,"11:10 ET"
ROST,"Ross Stores Inc",84.95,-0.28999999999999,-0.34%,85.01,85.25,83.78,967563,"11:25 ET"
RP,"Realpage Inc",64.73,0.22,+0.34%,63.96,64.88,63.91,230523,"11:24 ET"
RPD,"Rapid7 Inc",50.86,1.05,+2.11%,49.81,50.86,49.52,59650,"11:22 ET"
RRR,"Red Rock Resorts Inc",11,0.22,+2.04%,10.6,11.06,10.51,534349,"11:23 ET"
RUBY,"Rubius Therapeutics Inc",6.38,0.06,+0.95%,6.21,6.45,6.17,33830,"11:23 ET"
RUN,"Sunrun Inc",19.73,0.21,+1.08%,19.41,19.8,19.19,241604,"11:23 ET"
RUSHA,"Rush Entpr Cl A",40.78,0.41,+1.02%,40.32,40.79,39.96,8497,"11:20 ET"
RVMD,"Revolution Medicines Inc",30.61,0.059999999999999,+0.20%,30.99,30.99,30,8570,"11:24 ET"
RVNC,"Revance Therapeutics",25.15,-0.42,-1.64%,25.54,26.06,24.33,402295,"11:24 ET"
RYAAY,"Ryanair Hlds Plc",66.61,-0.95999999999999,-1.42%,66.65,66.92,65.79,73765,"11:24 ET"
SABR,"Sabre Corp",8.13,0.19,+2.39%,7.84,8.2,7.75,1663307,"11:24 ET"
SAEX,"Saexploration Hlds",1.1,-0.07,-5.98%,1.15,1.15,1.06,8155,06/30/20
SAFM,"Sanderson Farms IN",116.75,2.15,+1.88%,114.02,117.92,114.02,64371,"11:22 ET"
SAFT,"Safety Ins Group Inc",76.64,-0.099999999999994,-0.13%,76.51,77.76,76.14,5303,"11:16 ET"
SAGE,"Sage Therapeutic Com",41.92,0.15,+0.36%,41.7,42.02,41.1,128027,"11:21 ET"
SAIA,"Saia Inc",109.02,0.060000000000002,+0.06%,109.12,110.4,106.82,56304,"11:24 ET"
SANM,"Sanmina Corp",25.24,0.22,+0.88%,24.95,25.34,24.71,30698,"11:22 ET"
SASR,"Sandy Spring Bancorp",24.35,-0.18,-0.73%,24.17,24.45,23.65,46092,"11:20 ET"
SATS,"Echostar Corp",27.66,-0.29,-1.04%,27.89,28.08,27.2,33060,"11:25 ET"
SBAC,"SBA Communications",296.6,7.42,+2.57%,289.68,298.11,289.56,132083,"11:22 ET"
SBCF,"Seacoast Banking Cp",20.11,0.28,+1.41%,19.52,20.19,19.48,34843,"11:25 ET"
SBGI,"Sinclair Brdcst A",18.33,0.61,+3.44%,17.61,18.41,17.35,327537,"11:25 ET"
SBLK,"Star Bulk Carriers",6.63,0.03,+0.45%,6.57,6.68,6.31,200273,"11:24 ET"
SBNY,"Signature Bank",106.43,1.72,+1.64%,103.56,106.5,103.22,56650,"11:20 ET"
SBRA,"Sabra REIT",14.79,0.43,+2.99%,14.24,14.82,14.07,308874,"11:24 ET"
SBSI,"Southside Bancshares",27.75,0.44,+1.61%,27.22,27.78,27.22,10625,"11:25 ET"
SBUX,"Starbucks Corp",73.63,0.14999999999999,+0.20%,73.58,73.88,73.11,2183696,"11:24 ET"
SCHL,"Scholastic Cp",30.15,0.14,+0.47%,30.01,30.38,29.78,8036,"11:22 ET"
SCOR,"Comscore Inc",3.05,0.02,+0.66%,3.01,3.06,2.97,20612,"11:16 ET"
SCSC,"Scansource Inc",23.99,0.28,+1.18%,23.58,24.09,23.45,6558,"11:20 ET"
SDC,"Smiledirectclub Inc",7.76,0.05,+0.65%,7.68,7.77,7.48,1236286,"11:23 ET"
SDGR,"Schrodinger Inc",88.65,2.65,+3.08%,87.69,89.23,86,218068,"11:24 ET"
SECO,"Secoo Holding ADR",3.11,0.09,+2.98%,2.98,3.16,2.98,143107,"11:11 ET"
SEDG,"Solaredge Tech",137.27,0.21000000000001,+0.15%,136.39,139.28,136.01,254959,"11:21 ET"
SEIC,"Sei Investments Company",54.18,1.13,+2.13%,52.87,54.24,52.87,89817,"11:25 ET"
SFBS,"Servisfirst Bancs",35.67,1.13,+3.27%,34.13,35.76,34.13,52988,"11:25 ET"
SFET,"Safe-T Group Ltd ADR",1.6888,-0.0612,-3.50%,1.72,1.72,1.64,275558,"11:09 ET"
SFIX,"Stitch Fix Inc",24.9,-0.020000000000003,-0.08%,24.56,25.19,24.21,810437,"11:23 ET"
SFM,"Sprouts Farmers Mark",25.65,-0.26,-1.00%,26,26.2,25.63,541745,"11:24 ET"
SFNC,"Simmons First Natl",16.99,0.66,+4.04%,16.16,17.04,16.06,158108,"11:24 ET"
SGEN,"Seattle Genetics Inc",166.02,1.65,+1.00%,167.5,171.06,164.09,583017,"11:23 ET"
SGMO,"Sangamo Therapeutics",8.9,0.13,+1.48%,8.73,8.9,8.66,303335,"11:24 ET"
SGMS,"Scientific Games",15.48,0.25,+1.64%,15.51,16,14.71,279734,"11:23 ET"
SHEN,"Shenandoah Telecom",49.46,0.23,+0.47%,49.21,49.48,48.94,14239,"11:23 ET"
SHOO,"Steven Maddens Ltd",24.83,-0.039999999999999,-0.16%,24.77,24.99,24.16,96798,"11:23 ET"
SIGI,"Selective Ins Group",52.72,0.31,+0.59%,52.14,52.81,52.01,29362,"11:23 ET"
SILK,"Silk Road Medical Inc",41.19,1.69,+4.28%,39.37,41.19,39.37,35203,"11:25 ET"
SIMO,"Silicon Motion Techn",48.12,1.23,+2.62%,47.2,48.5,46.91,75118,"11:24 ET"
SINA,"Sina Corp",36.04,0.13,+0.36%,35.73,36.07,35.41,122921,"11:25 ET"
SIRI,"Sirius XM Holdings",5.83,0.13,+2.28%,5.69,5.84,5.65,11058992,"11:25 ET"
SIVB,"Svb Financial Group",212.14,5.25,+2.54%,206.88,213,205.63,117661,"11:24 ET"
SKYW,"Skywest Inc",32.48,-0.38,-1.16%,32.33,32.85,31.29,87467,"11:24 ET"
SLAB,"Silicon Labs Inc",99.67,2.99,+3.09%,96.56,99.69,96.01,42324,"11:25 ET"
SLDB,"Solid Biosciences Inc",3.1,-0.0099999999999998,-0.32%,3.11,3.22,3.03,76579,"11:19 ET"
SLGN,"Silgan Holdings",32.24,0.47,+1.48%,31.8,32.24,31.72,53097,"11:24 ET"
SLM,"SLM Corp",7.05,0.1,+1.44%,6.91,7.09,6.86,1211575,"11:24 ET"
SLS,"Sellas Life Sciences Group Inc",3.05,-0.1,-3.17%,3.15,3.17,3.05,60830,"11:19 ET"
SMCI,"Super Micro Computer",28.06,-0.18,-0.64%,28.49,28.56,27.66,218589,"11:21 ET"
SMPL,"The Simply Good Foods Company",18.57,-0.27,-1.43%,18.83,18.85,18.34,224563,"11:23 ET"
SMTC,"Semtech Corp",52.02,1.26,+2.48%,50.67,52.02,49.51,83966,"11:23 ET"
SNBR,"Sleep Number Corp",41.85,-1.08,-2.52%,42.56,44.99,41,132762,"11:25 ET"
SND,"Smart Sand Inc",1.09,0.01,+0.93%,1.1,1.1,1.07,25748,"11:10 ET"
SNPS,"Synopsys Inc",192.55,2.83,+1.49%,188.83,192.71,188.36,146811,"11:23 ET"
SNY,"Sanofi-Aventis S.A.",51.05,-0.030000000000001,-0.06%,50.59,51.05,50.5,259914,"11:22 ET"
SONO,"Sonos Inc",14.59,0.16,+1.11%,14.37,14.78,14.22,1476740,"11:25 ET"
SP,"SP Plus Corp",20.38,1.25,+6.53%,19.08,20.38,18.96,56932,"11:22 ET"
SPLK,"Splunk Inc",197.52,3.02,+1.55%,194.92,197.58,192.67,361386,"11:25 ET"
SPNS,"Sapiens Intl Cp NV",27.14,0.66,+2.49%,26.49,27.25,26.3,60016,"11:13 ET"
SPSC,"Sps Commerce Inc",75.1,0.34999999999999,+0.47%,74.55,75.46,73.63,53519,"11:24 ET"
SPWR,"Sunpower Corp",7.92,0.45,+6.02%,7.46,8.16,7.46,2130361,"11:24 ET"
SQBG,"Sequential Brands",0.2269,0.0169,+8.05%,0.212,0.236,0.202,1577813,"11:17 ET"
SRCE,"1st Source Corp",35.35,0.62,+1.79%,34.78,35.92,34.61,16578,"11:25 ET"
SRCL,"Stericycle Inc",55.33,0.07,+0.13%,55.09,55.55,54.66,58976,"11:23 ET"
SRPT,"Sarepta Therapeutics",158.54,-4.17,-2.56%,160.45,161,158.09,202676,"11:23 ET"
SSB,"South State Cp",47.59,0.57,+1.21%,46.46,47.9,46.46,67441,"11:25 ET"
SSNC,"SS&C Technologies",55.45,0.060000000000002,+0.11%,55.07,55.6,54.75,229155,"11:25 ET"
SSYS,"Stratasys Ltd",16.03,0.31,+1.97%,15.72,16.18,15.69,217782,"11:24 ET"
STAA,"Staar Surgical Company",60.81,-0.57,-0.93%,60.99,62.28,59.92,138958,"11:25 ET"
STAY,"Extended Stay America Inc",11.22,-0.050000000000001,-0.45%,11.2,11.22,11.01,472394,"11:25 ET"
STBA,"S&T Bancorp Inc",23.95,0.95,+4.13%,22.75,24.23,22.75,52027,"11:23 ET"
STFC,"State Auto Finl Corp",17.95,0.28,+1.58%,17.62,18.08,17.61,3211,"11:17 ET"
STLD,"Steel Dynamics Inc",26.31,0.57,+2.21%,25.7,26.36,25.54,290747,"11:25 ET"
STMP,"Stamps.com Inc",182.05,4.8,+2.71%,177.68,182.6,176.35,51221,"11:22 ET"
STNE,"Stoneco Ltd Cl A",38.81,0.61,+1.60%,37.97,38.95,37.89,234061,"11:24 ET"
STRA,"Strayer Education",154.1,0.43000000000001,+0.28%,152.48,154.95,152.36,35457,"11:21 ET"
STX,"Seagate Tech Ord Shs",48.8,1.04,+2.18%,47.99,48.8,47.87,772961,"11:23 ET"
SUPN,"Supernus Pharm",23.05,-0.22,-0.95%,23.07,23.26,22.83,60939,"11:25 ET"
SVC,"Service Properties Trust",7.41,0.05,+0.68%,7.26,7.57,7.18,644176,"11:25 ET"
SVMK,"Svmk Inc",23.49,0.49,+2.13%,23.01,23.52,22.89,127438,"11:24 ET"
SVRA,"Savara Inc",2.53,-0.17,-6.30%,2.67,2.67,2.45,246708,"11:23 ET"
SWAV,"Shockwave Medical Inc",46.31,0.010000000000005,+0.02%,45.93,46.71,45.51,46401,"11:21 ET"
SWKS,"Skyworks Solutions",128.16,2.16,+1.71%,125.94,128.39,125.42,505128,"11:24 ET"
SWTX,"Springworks Therapeutics Inc",40.43,-1.57,-3.74%,41.75,41.75,39.44,23624,"11:22 ET"
SYBT,"Stock Yards Bancorp",40.49,0.67,+1.68%,39.55,40.54,39.1,21363,"11:23 ET"
SYBX,"Synlogic Inc",2.02,0.02,+1.00%,2,2.02,1.98,33932,"11:17 ET"
SYKE,"Sykes Enterprises",27.78,0.47,+1.72%,27.33,27.78,27.19,13466,"11:25 ET"
SYNA,"Synaptics Inc",59.52,0.84,+1.43%,58.75,59.79,58.18,108899,"11:24 ET"
SYNH,"Syneos Health Inc",58.11,0.52,+0.90%,57.68,58.39,57.04,83285,"11:17 ET"
TBPH,"Theravance Bio Ord",20.97,0.33,+1.60%,20.62,21.01,20.39,47063,"11:23 ET"
TCBI,"Texas Capital Bncsh",30.17,1.17,+4.03%,28.92,30.37,28.74,74016,"11:23 ET"
TCBK,"Trico Bancshares",30.03,0.69,+2.35%,29.16,30.08,29.16,8642,"11:20 ET"
TCDA,"Tricida Inc",26.13,0.58,+2.27%,25.45,26.25,25.23,94936,"11:18 ET"
TCF,"TCF Financial Corp",29.24,0.69,+2.42%,28.17,29.3,27.79,89726,"11:23 ET"
TCMD,"Tactile Systems Technology Inc",41.74,0.47,+1.14%,41.32,41.8,41.14,16797,"11:20 ET"
TCOM,"Trip.com Group Ltd",26.18,0.1,+0.38%,26,26.18,25.81,736443,"11:25 ET"
TCRR,"Tcr2 Therapeutics Inc",15.3,-0.29,-1.86%,15.57,15.77,15.27,14643,"11:23 ET"
TCX,"Tucows Inc Cl A",56.31,0.37,+0.66%,55.78,56.39,55.78,4362,"10:57 ET"
TEAM,"Atlassian Cls A Ord",179.36,4.23,+2.42%,176.04,179.51,175.09,214518,"11:23 ET"
TECD,"Tech Data Cp",144.9,0.28999999999999,+0.20%,144.9,145.4,144.72,3111700,06/29/20
TECH,"Bio-Techne Cp",257.82,4.01,+1.58%,255.69,257.82,247.51,25097,"11:24 ET"
TELL,"Tellurian Inc",1.11,-0.02,-1.77%,1.13,1.15,1.09,787210,"11:24 ET"
TENB,"Tenable Holdings Inc",29.57,0.41,+1.41%,29.13,29.62,29.03,50377,"11:23 ET"
TER,"Teradyne Inc",84.2,1.37,+1.65%,83.61,84.6,82.16,539024,"11:25 ET"
TERP,"Terraform Power Inc",18.38,0.28,+1.55%,18.17,18.42,18.07,40097,"11:25 ET"
TEUM,"Pareteum Corp",0.615,-0.005,-0.81%,0.65,0.65,0.6,275304,"11:14 ET"
TFSL,"Tfs Financial Corp",14.31,0.11,+0.77%,14.08,14.4,14.08,38988,"11:18 ET"
TGTX,"Tg Therapeuticscmn",18.73,0.15,+0.81%,18.42,18.74,18.2,221298,"11:24 ET"
THFF,"First Finl Corp [In]",36.6,0.4,+1.10%,35.87,36.65,35.87,15017,"11:19 ET"
THRM,"Gentherm Inc",38.96,0.39,+1.01%,38.41,38.97,38.26,18012,"11:24 ET"
TIGO,"Millicom International Cellular S.A.",26.15,0.44,+1.71%,25.67,26.15,25.65,31188,"11:21 ET"
TILE,"Interface Inc",8.09,0.02,+0.25%,8.04,8.23,7.89,185357,"11:25 ET"
TLND,"Talend S.A.",34.23,-0.40000000000001,-1.16%,34.62,34.76,33.87,24792,"11:16 ET"
TLRY,"Tilray Inc",7.26,-0.45,-5.84%,7.74,7.74,7.23,2231037,"11:25 ET"
TMUS,"T-Mobile US",105.37,-0.58999999999999,-0.56%,105.9,106.3,104.58,1473119,"11:25 ET"
TNDM,"Tandem Diabetes Care",88.42,0.61,+0.69%,88.13,88.92,87,125271,"11:25 ET"
TORC,"Restorbio Inc",2.13,-0.0099999999999998,-0.47%,2.11,2.14,2.06,176711,"11:24 ET"
TOWN,"Towne Bank",19.02,0.49,+2.64%,18.42,19.02,18.42,37007,"11:25 ET"
TPIC,"Tpi Composites Inc",23.62,0.14,+0.60%,23.6,23.67,23.03,90187,"11:24 ET"
TPTX,"Turning Point Therapeutics Inc",65.2,1.24,+1.94%,63.48,65.2,62.51,92009,"11:20 ET"
TREE,"Lendingtree Inc",284.86,12.11,+4.44%,272.75,284.92,272.42,21707,"11:24 ET"
TRHC,"Tabula Rasa Healthcare Inc",55.5,1.82,+3.39%,53.48,55.88,52.95,43043,"11:21 ET"
TRIP,"Tripadvisor Inc",18.93,-0.13,-0.68%,18.73,19.07,18.47,645836,"11:25 ET"
TRMB,"Trimble Navigation",43.15,0.51,+1.20%,42.57,43.31,42.4,76812,"11:25 ET"
TRMK,"Trustmark Corp",24.49,0.51,+2.13%,23.88,24.66,23.7,67799,"11:24 ET"
TROW,"T Rowe Price Group",123.15,2.33,+1.93%,120.94,123.16,120.17,175829,"11:25 ET"
TRS,"Trimas Corp",24.08,0.27,+1.13%,23.66,24.39,23.57,14506,"11:22 ET"
TRST,"Trustco Bank Corp NY",6.32,0.11,+1.77%,6.17,6.33,6.16,105157,"11:23 ET"
TRUP,"Trupanion Inc",42.09,-0.2,-0.47%,42.04,42.63,41.1,40049,"11:23 ET"
TSCO,"Tractor Supply Company",131.01,-0.60000000000002,-0.46%,132.43,132.79,130.76,179977,"11:25 ET"
TSEM,"Tower Semiconductor",19.07,0.33,+1.76%,18.74,19.18,18.71,122318,"11:08 ET"
TSLA,"Tesla Inc",1061.33,51.98,+5.15%,1006.5,1061.33,1003.73,5771543,"11:25 ET"
TTD,"Trade Desk Inc",412.86,6.71,+1.65%,407.4,414.43,404.18,499063,"11:24 ET"
TTEC,"Teletech Hlds",45.72,1.17,+2.63%,44.75,45.79,44.4,13179,"11:20 ET"
TTEK,"Tetra Tech Inc",79.47,1.04,+1.33%,78.26,79.47,77.61,57899,"11:23 ET"
TTMI,"TTM Technologies",11.77,0.28,+2.44%,11.44,11.77,11.41,152161,"11:24 ET"
TTOO,"T2 Biosystems CS",1.27,-0.04,-3.05%,1.3,1.3,1.23,2165897,"11:20 ET"
TTPH,"Tetraphase Pharmaceu",2.54,-0.04,-1.55%,2.53,2.58,2.52,46974,"11:17 ET"
TTWO,"Take-Two Interacti",139.11,1.32,+0.96%,138.37,140.34,138,351057,"11:25 ET"
TW,"Tradeweb Markets Inc",58.88,-0.26,-0.44%,59.17,59.36,58.47,269056,"11:22 ET"
TWNK,"Hostess Brands Inc",12.21,-0.039999999999999,-0.33%,12.2,12.32,12.12,115523,"11:25 ET"
TWOU,"2U Inc",38.3,1.42,+3.85%,37.19,38.4,37.04,143366,"11:24 ET"
TWST,"Twist Bioscience Corp",44.87,2.86,+6.81%,42.08,44.87,42.08,114956,"11:24 ET"
TXG,"10X Genomics Inc",86.46,1.81,+2.14%,84.65,86.65,83.78,77077,"11:23 ET"
TXMD,"Therapeuticsmd Inc",1.195,0.015,+1.27%,1.2,1.22,1.17,658194,"11:12 ET"
TXN,"Texas Instruments",127,2.23,+1.79%,124.4,127.38,124.1,829609,"11:25 ET"
TXRH,"Texas Roadhouse Inc",52.58,-0.49,-0.92%,53.39,53.61,51.62,526523,"11:25 ET"
UAL,"United Continental Holdings",34.7,-0.57,-1.62%,34.6,35.29,33.23,23674472,"11:25 ET"
UBSI,"United Bkshs Inc",27.55,0.49,+1.81%,26.81,27.68,26.78,90148,"11:24 ET"
UBX,"Unity Biotechnology Inc",8.89,0.22,+2.54%,8.67,8.89,8.58,38642,"11:22 ET"
UCBI,"United Comm Banks",20.04,0.46,+2.35%,19.56,20.13,19.47,53311,"11:23 ET"
UEIC,"Universal Elect IN",47.08,1.09,+2.37%,45.75,47.08,44.58,8610,"11:11 ET"
UFCS,"United Fire Group",27.62,0.58,+2.14%,26.86,27.76,26.83,7300,"11:23 ET"
UFPI,"Universal Forest Prd",49.73,0.94,+1.93%,48.4,49.73,47.96,37021,"11:23 ET"
UHAL,"A M E R C O",302.14,0.28999999999996,+0.10%,299.19,303.45,298.11,8760,"11:23 ET"
UIHC,"United Insurance Hld",7.8,0.16,+2.09%,7.6,7.8,7.58,5704,"11:22 ET"
ULH,"Universal Logis Hld",17.27,0.030000000000001,+0.17%,17.16,17.43,17.06,6348,"11:23 ET"
ULTA,"Ulta Beauty Inc",202.65,4.02,+2.02%,198.5,204.15,196.1,452049,"11:23 ET"
UMBF,"Ump Financial Corp",51.53,1.26,+2.51%,49.83,51.57,49.83,54724,"11:21 ET"
UMPQ,"Umpqua Holdings Corp",10.67,0.23,+2.20%,10.33,10.7,10.27,271071,"11:24 ET"
UNIT,"Uniti Group Inc",9.18,0.21,+2.34%,8.93,9.23,8.89,252935,"11:25 ET"
UPWK,"Upwork Inc",14.48,0.24,+1.69%,14.25,14.6,14.02,957606,"11:24 ET"
URBN,"Urban Outfitters Inc",15.11,0.08,+0.53%,14.82,15.11,14.49,773575,"11:25 ET"
URGN,"Urogen Pharma Ltd",25.78,0.33,+1.30%,25.52,25.87,24.99,51628,"11:21 ET"
UTHR,"United Therapeutic",120.96,1,+0.83%,120.09,121.44,118.6,50533,"11:23 ET"
UVSP,"Univest Corp of Penn",15.88,0.32,+2.06%,15.46,16,15.35,24950,"11:15 ET"
VBTX,"Veritex Holdings",17.43,0.21,+1.22%,17.07,17.53,17.05,23498,"11:20 ET"
VC,"Visteon Corp",67.3,1.86,+2.84%,65.02,67.53,64.42,28766,"11:11 ET"
VEON,"Veon Ltd",1.755,-0.015,-0.85%,1.73,1.76,1.71,1340960,"11:14 ET"
VG,"Vonage Holdings",9.85,0.11,+1.13%,9.78,9.9,9.74,348737,"11:25 ET"
VIAC,"Viacomcbs Inc. Cl B",23.29,0.24,+1.04%,23.24,23.46,22.53,3746023,"11:25 ET"
VIACA,"Viacomcbs Inc. Cl A",25.65,0.079999999999998,+0.31%,25.48,25.76,24.93,21721,"11:17 ET"
VIAV,"Viavi Solutions",12.79,0.13,+1.03%,12.64,12.8,12.55,671230,"11:24 ET"
VICR,"Vicor Cp",72.36,0.61,+0.85%,71.71,72.98,70.02,50347,"11:23 ET"
VIE,"Viela Bio Inc",42.09,-0.73999999999999,-1.73%,42.42,43.45,41.02,56222,"11:23 ET"
VIR,"Vir Biotechnology Inc",39.56,3.24,+8.92%,36.59,39.63,35.83,798660,"11:25 ET"
VIRT,"Virtu Financial Cm A",23.33,-0.1,-0.43%,23.53,23.84,23.33,185370,"11:24 ET"
VLY,"Valley National Bancorp",7.8,0.1,+1.30%,7.61,7.82,7.61,439395,"11:25 ET"
VNOM,"Viper Energy LP",10.12,-0.33,-3.16%,10.5,10.64,10.08,224547,"11:23 ET"
VOD,"Vodafone Grp Plc Ads",15.95,0.21,+1.33%,15.87,16.01,15.84,1115637,"11:25 ET"
VRCA,"Verrica Pharmaceuticals Inc",10.5,-3.57,-25.37%,11.3,11.32,10.29,150793,"11:23 ET"
VREX,"Varex Imaging Corp",15.25,0.16,+1.06%,15.13,15.3,14.94,60370,"11:23 ET"
VRNS,"Varonis Systems Inc",88.84,0.87,+0.99%,87.82,89.19,87.19,52038,"11:23 ET"
VRNT,"Verint Systems Inc",45.01,1.22,+2.79%,43.92,45.06,43.76,59545,"11:23 ET"
VRRM,"Verra Mobility Corp",10.31,-0.049999999999999,-0.48%,10.28,10.4,10.12,288262,"11:25 ET"
VRSK,"Verisk Analytics Inc",168.05,3.71,+2.26%,164.08,168.28,162.92,186625,"11:25 ET"
VRSN,"Verisign Inc",205.21,1.11,+0.54%,203.39,205.25,203.32,60394,"11:17 ET"
VRTU,"Virtusa Corp",32.22,0.56,+1.77%,31.51,32.44,31.35,108679,"11:25 ET"
VRTX,"Vertex Pharmaceutic",285.72,0.54000000000002,+0.19%,287.68,289.14,283,500650,"11:25 ET"
VSAT,"Viasat Inc",38.32,-1.01,-2.57%,39,39.33,37.43,143377,"11:22 ET"
VYGR,"Voyager Therapeut",12.45,0.24,+1.97%,12.12,12.53,12,28759,"11:23 ET"
WABC,"Westamerica Bancorp",57.48,1.5,+2.68%,55.58,57.54,55.58,15866,"11:23 ET"
WAFD,"Washington Federal",26.95,0.55,+2.08%,26.21,27.04,26.21,65841,"11:25 ET"
WASH,"Washington TR Bncorp",32.75,0.25,+0.77%,32.13,32.75,32.12,31705,"11:19 ET"
WB,"Weibo Corp Ads",33.86,0.53,+1.59%,33.18,33.86,33.02,242699,"11:25 ET"
WBA,"Walgreens Boots Alliance",42.26,-0.060000000000002,-0.14%,42.12,42.39,41.84,911023,"11:25 ET"
WDAY,"Workday Inc",187.57,1.39,+0.75%,186.18,188.28,185.02,383989,"11:25 ET"
WDC,"Western Digital Cp",43.98,1.99,+4.74%,43.22,44.32,42.82,2705365,"11:25 ET"
WDFC,"W D 40 Company",200.62,1.75,+0.88%,198.64,200.62,196.38,26080,"11:22 ET"
WEN,"Wendys Company",21.74,0.079999999999998,+0.37%,21.62,21.82,21.41,999362,"11:24 ET"
WERN,"Werner Enterprise",43.46,0.77,+1.80%,42.56,43.48,42.31,194862,"11:24 ET"
WING,"Wingstop Inc",139.75,3.29,+2.41%,136.46,139.83,136.46,151129,"11:24 ET"
WIRE,"Encore Wire Cp",48.89,0.32,+0.66%,48.35,48.94,47.96,7115,"11:23 ET"
WIX,"Wix.com Ltd",252.25,2.55,+1.02%,251.12,253.87,249.21,94742,"11:22 ET"
WLTW,"Willis Towers WT",195.97,3.04,+1.58%,191.6,197.02,191.07,103485,"11:25 ET"
WMGI,"Wright Med Grp NV",29.65,0.24,+0.82%,29.41,30,29.39,1320483,"11:24 ET"
WSBC,"Wesbanco Inc",20.43,0.59,+2.97%,19.73,20.43,19.73,52968,"11:19 ET"
WSC,"Willscot Corp",13.14,0.020000000000001,+0.15%,13.17,13.38,12.51,1278547,"11:25 ET"
WSFS,"WSFS Financial Corp",28.55,0.9,+3.25%,27.46,28.63,27.44,44246,"11:25 ET"
WTFC,"Wintrust Finl Corp",43.58,0.7,+1.63%,42.57,43.72,40.74,62716,"11:21 ET"
WTRH,"Waitr Holdings Inc",2.86,0.15,+5.54%,2.83,3.08,2.73,6963771,"11:24 ET"
WW,"Weight Watchers International Inc",25.47,0.93,+3.79%,24.55,25.6,24.42,221029,"11:25 ET"
WWD,"Woodward Inc",78.01,-0.31999999999999,-0.41%,77.35,78.3,76.53,78233,"11:22 ET"
WWR,"Westwater Resources",2.21,0.11,+5.24%,2.11,2.25,2,100479,"11:19 ET"
WYNN,"Wynn Resorts Ltd",73.81,-0.41,-0.55%,73.57,74.55,72.12,1740202,"11:25 ET"
XCUR,"Exicure Inc",2.37,-0.13,-5.20%,2.47,2.51,2.34,135973,"11:19 ET"
XEL,"XCEL Energy Inc",63.1,0.64,+1.02%,62.66,63.16,62.43,616109,"11:25 ET"
XELA,"Exela Technologies Inc",0.5748,-0.0252,-4.20%,0.61,0.653,0.5535,9934520,"11:24 ET"
XLNX,"Xilinx Inc",98.31,6.35,+6.91%,95.68,99.14,94.21,3978732,"11:25 ET"
XLRN,"Acceleron Pharma",96.25,0.099999999999994,+0.10%,92.68,96.25,92,220831,"11:22 ET"
XNCR,"Xencor Inc",32.75,0.56,+1.74%,32.16,32.82,31.66,50577,"11:23 ET"
XP,"XP Inc Cl A",43.27,-0.25,-0.57%,43.07,44,42.31,823320,"11:25 ET"
XRAY,"Dentsply Sirona Inc",44.02,0.11000000000001,+0.25%,43.96,44.26,43.55,240568,"11:25 ET"
YMAB,"Y-Mabs Therapeutics Inc",44.62,-1.05,-2.30%,45.54,45.77,43.36,114845,"11:18 ET"
YNDX,"Yandex N.V.",49.47,0.23,+0.47%,48.72,49.52,48.64,702789,"11:25 ET"
YY,"YY Inc",87.02,-1.83,-2.06%,86.25,90.96,86.03,1111421,"11:25 ET"
Z,"Zillow Group Cl C",57.24,0.12,+0.21%,57,57.78,55.94,714923,"11:25 ET"
ZBRA,"Zebra Technologies",255.55,3.5,+1.39%,252.75,256.22,251.55,73375,"11:19 ET"
ZG,"Zillow Grp Inc Cl A",56.89,0.18,+0.32%,56.69,57.5,55.86,190756,"11:21 ET"
ZGNX,"Zogenix Inc",26.74,0.63,+2.41%,25.64,26.78,25.58,309808,"11:23 ET"
ZION,"Zions Bancorp",33.8,0.75,+2.27%,33.01,33.85,32.81,339073,"11:25 ET"
ZLAB,"Zai Lab Ltd",81.57,-0.96000000000001,-1.16%,82.34,83.07,80.31,62281,"11:21 ET"
ZM,"Zoom Video Communications Cl A",254.06,5.5,+2.21%,249.87,255.06,248,2487686,"11:25 ET"
ZNGA,"Zynga Inc Cl A",9.6,0.039999999999999,+0.42%,9.56,9.7,9.48,4381158,"11:24 ET"
ZS,"Zscaler Inc",108.33,2.94,+2.79%,106.24,108.33,105.5,733184,"11:24 ET"
