Symbol,Name,Last,Change,%Chg,High,Low,Volume,Time
AAN,"Aaron's Inc",45.87,-0.63,-1.35%,46.6,45.06,93730,"11:20 ET"
AAXN,"Axon Inc",100.15,4.35,+4.54%,100.65,95.2,376164,"11:20 ET"
ACC,"American Campus Communities Inc",35.35,0.89,+2.58%,35.51,34.27,240626,"11:21 ET"
ACHC,"Acadia Healthcr Company",24.98,0.059999999999999,+0.24%,25.18,24.39,164225,"11:20 ET"
ACIW,"Aci Worldwide Inc",27.45,1,+3.78%,27.87,26.42,112331,"11:21 ET"
ACM,"Aecom Technology Corp",37.83,0.22,+0.58%,37.86,37,127818,"11:18 ET"
ADNT,"Adient Plc",16.12,0.22,+1.38%,16.2,15.55,177831,"11:20 ET"
AEO,"American Eagle Outfitters",10.97,-0.09,-0.81%,11.09,10.61,2826949,"11:20 ET"
AFG,"American Financial Group",62.13,0.79,+1.29%,62.6,61.11,192431,"11:20 ET"
AGCO,"Agco Corp",54.78,0.28,+0.51%,54.85,53.64,56178,"11:20 ET"
ALE,"Allete Inc",54.95,0.37,+0.68%,55,54.07,39988,"11:19 ET"
AM,"Antero Midstream Corp",4.99,-0.02,-0.40%,5,4.77,1165311,"11:21 ET"
AMCX,"Amc Networks Cl A",23.46,0.039999999999999,+0.17%,23.78,23.02,110737,"11:21 ET"
AMED,"Amedisys Inc",197.36,-0.10999999999999,-0.06%,201.51,196.15,119875,"11:17 ET"
AMG,"Affiliated Managers Group",74.5,2.15,+2.97%,74.88,71.93,61360,"11:20 ET"
AN,"Autonation Inc",37.85,0.18,+0.48%,38.14,37.14,50820,"11:18 ET"
ARW,"Arrow Electronics",68.06,0.64,+0.95%,68.17,67.06,42711,"11:11 ET"
ARWR,"Arrowhead Pharma",42.42,-0.18,-0.42%,42.93,41.3,232552,"11:21 ET"
ASB,"Associated Banc-Corp",13.6,0.17,+1.27%,13.61,13.19,303706,"11:20 ET"
ASGN,"On Assignment",66.71,1.07,+1.63%,66.79,65.16,41882,"11:20 ET"
ASH,"Ashland Global Holdings Inc",68.8,0.34,+0.50%,68.87,67.72,32257,"11:14 ET"
ATGE,"Adtalem Global Education Inc",31.58,0.16,+0.51%,31.65,31.17,49451,"11:19 ET"
ATI,"Allegheny Technologies Inc",10.3,0.020000000000001,+0.19%,10.31,9.82,379023,"11:20 ET"
ATR,Aptargroup,111.19,1.94,+1.78%,111.23,109.13,31110,"11:19 ET"
AVNS,"Avanos Medical Inc",29.3,0.19,+0.65%,29.32,28.68,19191,"11:16 ET"
AVT,"Avnet Inc",27.83,0.76,+2.81%,27.88,26.76,132162,"11:18 ET"
AYI,"Acuity Brands Inc",96.64,7.31,+8.18%,104,93.1,516442,"11:20 ET"
BBBY,"Bed Bath & Beyond",10.59,-0.23,-2.13%,11.35,10.44,3547700,"11:21 ET"
BC,"Brunswick Corp",64.23,0.83000000000001,+1.31%,64.32,62.68,87627,"11:19 ET"
BCO,"Brink's Company",46,0.18,+0.39%,46.12,44.64,48023,"11:19 ET"
BDC,"Belden Inc",32.36,0.43,+1.35%,32.47,31.43,52145,"11:18 ET"
BHF,"Brighthouse Financial Inc",27.54,0.57,+2.11%,27.65,26.66,184640,"11:20 ET"
BIO,"Bio-Rad Laboratories",441.49,9.15,+2.12%,441.49,433.16,19105,"11:18 ET"
BJ,"Bj's Wholesale Club Holdings Inc",37.1,-0.77,-2.03%,38.33,37.05,882819,"11:21 ET"
BKH,"Black Hills Corp",56.84,1.04,+1.86%,56.86,55.61,100526,"11:17 ET"
BLKB,"Blackbaud Inc",57.66,0.54,+0.95%,58.47,56.58,49051,"11:18 ET"
BOH,"Bank of Hawaii Corp",61.89,1.42,+2.35%,61.89,59.88,32965,"11:20 ET"
BRO,"Brown & Brown",40.49,0.52,+1.30%,40.53,39.93,175675,"11:20 ET"
BRX,"Brixmor Property Group Inc",12.99,0.040000000000001,+0.31%,13.11,12.67,920575,"11:21 ET"
BXS,"Bancorpsouth Inc",22.82,0.78,+3.54%,22.82,21.8,92322,"11:19 ET"
BYD,"Boyd Gaming Corp",20.76,0.21,+1.02%,20.95,20.27,452278,"11:20 ET"
CABO,"Cable One Inc",1776.33,19.33,+1.10%,1787.3,1715.11,8037,"11:17 ET"
CACI,"Caci International",217,-2.09,-0.95%,219.82,216.26,30200,"11:18 ET"
CAKE,"Cheesecake Fact",22.93,0.19,+0.84%,23.18,22.15,1122782,"11:20 ET"
CAR,"Avis Budget Group",23.28,0.57,+2.51%,23.48,22.05,1030879,"11:21 ET"
CASY,"Casey's General Stor",147.8,-0.58999999999997,-0.40%,148,146.93,34120,"11:19 ET"
CATY,"Cathay Genl Bncp",26.1,0.15,+0.58%,26.52,25.74,77804,"11:20 ET"
CBRL,"Cracker Barrel",110.15,0.84,+0.77%,110.4,107.01,83386,"11:19 ET"
CBSH,"Commerce Bancshares",59.44,0.95,+1.62%,59.54,57.66,56864,"11:20 ET"
CBT,"Cabot Corp",36.81,0.26000000000001,+0.71%,36.91,35.9,23117,"11:20 ET"
CC,"Chemours Company",14.99,-0.32,-2.09%,15.3,14.93,686615,"11:21 ET"
CCMP,"Cabot Microelectron",137.98,4.17,+3.12%,138.41,132.62,25813,"11:19 ET"
CDAY,"Ceridian Hcm Holding Inc",79.1,0.81999999999999,+1.05%,79.15,77.54,239600,"11:20 ET"
CDK,"Cdk Global Inc",41.25,0.22,+0.54%,41.33,40.66,71626,"11:20 ET"
CFR,"Cullen/Frost Bankers",74.18,1.64,+2.26%,74.24,71.64,40051,"11:20 ET"
CFX,"Colfax Corp",27.43,0.54,+2.01%,27.51,26.64,158083,"11:21 ET"
CGNX,"Cognex Cp",59.64,0.97,+1.65%,59.91,58.8,357577,"11:21 ET"
CHDN,"Churchill Downs IN",133.48,0.75,+0.57%,133.48,130.55,41653,"11:19 ET"
CHE,"Chemed Inc",442.08,-1.38,-0.31%,445.8,438.9,41222,"11:19 ET"
CHH,"Choice Hotels International",78.78,0.38,+0.48%,78.9,77.3,41448,"11:18 ET"
CIEN,"Ciena Corp",54.48,1.33,+2.50%,54.54,53.2,488671,"11:20 ET"
CIT,"Cit Group Inc",20.61,-0.12,-0.58%,20.89,19.94,642747,"11:21 ET"
CLGX,Corelogic,67.87,-0.50999999999999,-0.75%,68.68,67.44,351549,"11:20 ET"
CLH,"Clean Harbors",59.99,0.35,+0.59%,59.99,58.6,35240,"11:16 ET"
CLI,"Mack-Cali Realty Corp",15.41,0.02,+0.13%,15.47,15.11,122526,"11:20 ET"
CMC,"Commercial Metals Company",20.48,0.32,+1.59%,20.5,19.98,120529,"11:19 ET"
CMD,"Cantel Medical",44.71,0.77,+1.75%,44.79,42.76,47017,"11:19 ET"
CMP,"Compass Minerals Intl Inc",49.25,0.93,+1.92%,49.36,47.97,30043,"11:21 ET"
CNK,"Cinemark Holdings Inc",11.65,0.09,+0.77%,11.99,11.52,1324185,"11:20 ET"
CNO,"Cno Financial Group",15.54,0.33,+2.17%,15.56,14.97,221447,"11:20 ET"
CNX,"CNX Resources Corp",8.58,0.0099999999999998,+0.12%,8.61,8.39,527306,"11:21 ET"
COHR,"Coherent Inc",132.54,0.25999999999999,+0.20%,134.57,131.92,26238,"11:15 ET"
COLM,"Columbia Sprtswr",80.44,0.58,+0.73%,80.6,79,77200,"11:19 ET"
CONE,"Cyrusone Inc",73.13,-1.34,-1.80%,74.1,72.09,336286,"11:21 ET"
COR,"Coresite Realty Corp",120.46,1.62,+1.36%,120.89,118.9,79501,"11:20 ET"
CPT,"Camden Property Trust",91.65,1.76,+1.96%,91.85,89.85,88057,"11:21 ET"
CR,"Crane Company",59.65,0.84,+1.43%,59.78,58.26,88653,"11:17 ET"
CREE,"Cree Inc",59.32,1.02,+1.75%,59.49,58.15,173191,"11:17 ET"
CRI,"Carter's Inc",80.57,1.24,+1.56%,80.79,79.15,127287,"11:17 ET"
CRL,"Charles River Laboratories Intl",171.7,2.7,+1.60%,171.7,169.1,51377,"11:17 ET"
CRS,"Carpenter Technology Corp",24.55,0.15,+0.61%,24.59,23.52,46938,"11:20 ET"
CRUS,"Cirrus Logic Inc",60.81,0.52,+0.86%,60.96,60.21,131850,"11:19 ET"
CSL,"Carlisle Companies Inc",120.93,1.62,+1.36%,120.93,118.75,52879,"11:19 ET"
CTLT,"Catalent Inc",72.5,0.56,+0.78%,72.5,71.27,124421,"11:21 ET"
CUZ,"Cousins Properties Inc",30.2,0.17,+0.57%,30.24,29.66,143430,"11:19 ET"
CVLT,"Commvault Systems",38.89,0.76,+1.99%,39,38.13,31401,"11:19 ET"
CW,"Curtiss-Wright Corp",89.96,0.0099999999999909,+0.01%,90.46,88.6,44628,"11:20 ET"
CXW,"Corecivic Inc",9.35,-0.18,-1.89%,9.54,9.11,653803,"11:21 ET"
CZR,"Caesars Entertainment Corp",12.02,-0.050000000000001,-0.41%,12.12,11.93,1963065,"11:21 ET"
DAN,"Dana Inc",12.22,-0.029999999999999,-0.24%,12.34,11.76,296395,"11:20 ET"
DAR,"Darling International Inc",24.41,0.76,+3.21%,24.42,23.44,189583,"11:21 ET"
DCI,"Donaldson Company",46.33,0.46,+1.00%,46.49,45.79,98676,"11:20 ET"
DDS,Dillard's,25.28,-0.87,-3.33%,26.37,25,136580,"11:21 ET"
DECK,"Deckers Outdoor Corp",196.53,1.86,+0.96%,197,193.01,35436,"11:18 ET"
DEI,"Douglas Emmett",31.16,0.53,+1.73%,33,30.49,175582,"11:19 ET"
DKS,"Dick's Sporting Goods Inc",41.43,-0.12,-0.29%,41.87,41.14,387865,"11:21 ET"
DLPH,"Delphi Technologies Plc",14.24,0.040000000000001,+0.28%,14.27,13.93,356875,"11:21 ET"
DLX,"Deluxe Corp",23.48,-0.57,-2.37%,23.93,22.93,78612,"11:20 ET"
DNKN,"Dunkin' Brands Group",65.65,1.07,+1.66%,65.69,64.01,215357,"11:19 ET"
DNOW,"Now Inc",8.58,0.0099999999999998,+0.12%,8.67,8.32,116201,"11:20 ET"
DOC,"Physicians Realty Trust",17.72,0.15,+0.85%,17.75,17.42,254583,"11:20 ET"
DY,"Dycom Industries",40.38,-0.16,-0.39%,40.54,39.46,41102,"11:18 ET"
EAT,"Brinker International",24.84,-0.2,-0.80%,25.12,23.72,756973,"11:20 ET"
EGP,"Eastgroup Properties",118.61,2.01,+1.72%,118.85,116.22,20573,"11:21 ET"
EHC,"Encompass Health Corp",61.51,0.83,+1.37%,61.56,60.35,188616,"11:19 ET"
EME,"Emcor Group",66.26,0.99000000000001,+1.52%,66.5,64.77,36010,"11:20 ET"
ENPH,"Enphase Energy Inc",47.1,-0.35,-0.74%,48.48,47.02,1010672,"11:21 ET"
ENR,"Energizer Holdings Inc",47.17,0.99,+2.14%,47.86,46.48,151398,"11:20 ET"
ENS,"Enersys Inc",64.75,0.39,+0.61%,64.89,63.56,31283,"11:20 ET"
EPC,"Edgewell Personal Care",31.02,0.31,+1.01%,31.13,30.17,65728,"11:20 ET"
EPR,"Entertainment Properties Trust",33.45,0.43,+1.30%,33.79,32.33,243466,"11:20 ET"
EQT,"Eqt Corp",11.61,0.55,+4.97%,11.69,11.07,1851189,"11:21 ET"
ERI,"Eldorado Resorts",39.29,-0.3,-0.76%,40,38.3,1359441,"11:21 ET"
ESNT,"Essent Group Ltd",36.55,0.87,+2.44%,36.6,35.07,195651,"11:20 ET"
ETRN,"Equitrans Midstream Corp",8.14,-0.14,-1.69%,8.27,7.99,911309,"11:19 ET"
ETSY,"Etsy Inc",105.02,2.13,+2.07%,105.61,102.71,1317175,"11:21 ET"
EV,"Eaton Vance Corp",38.29,0.81,+2.16%,38.36,37.28,165544,"11:20 ET"
EVR,"Evercore Partners Inc",57.8,0.48,+0.84%,57.86,56.8,64415,"11:20 ET"
EWBC,"East West Bancorp",36.22,0.96,+2.72%,36.41,34.87,176944,"11:20 ET"
EXEL,"Exelixis Inc",23.39,0.66,+2.90%,23.4,22.64,455239,"11:20 ET"
EXP,"Eagle Materials Inc",70.2,-0.33,-0.47%,70.66,69.16,37873,"11:20 ET"
FAF,"First American Corp",48.05,0.66999999999999,+1.41%,48.05,47.17,99046,"11:20 ET"
FCFS,"First Cash Fin Svcs",66.98,0.72,+1.09%,67.21,65.3,45937,"11:20 ET"
FCN,"Fti Consulting",112.44,0.8,+0.72%,113.65,111.72,117775,"11:21 ET"
FDS,"Factset Research Systems Inc",327.45,0.64999999999998,+0.20%,331.24,325.33,46652,"11:20 ET"
FFIN,"First Finl Bkshs Inc",28.57,0.61,+2.18%,28.58,27.75,147520,"11:21 ET"
FHI,"Federated Investors",23.93,0.66,+2.84%,23.94,23.03,125195,"11:21 ET"
FHN,"First Horizon National Corp",9.84,0.27,+2.82%,9.94,9.43,2102443,"11:21 ET"
FICO,"Fair Isaac and Company Inc",412.97,6.9400000000001,+1.71%,413.36,407.11,38645,"11:21 ET"
FIVE,"Five Below Inc",106.42,-0.69,-0.64%,107.09,105.02,269993,"11:20 ET"
FL,"Footlocker Inc",29.5,0.07,+0.24%,29.64,28.84,410489,"11:20 ET"
FLO,"Flowers Foods",22.4,0.19,+0.86%,22.41,22.21,94721,"11:20 ET"
FLR,"Fluor Corp",12.15,0.16,+1.33%,12.36,11.72,566348,"11:20 ET"
FNB,"F.N.B. Corp",7.42,0.1,+1.37%,7.43,7.22,522501,"11:20 ET"
FR,"First Industrial Realty Trust",38.59,0.75,+1.98%,38.7,37.81,200998,"11:20 ET"
FSLR,"First Solar Inc",49.81,0.2,+0.40%,50.34,49.2,629301,"11:21 ET"
FULT,"Fulton Financial Cor",10.51,0.07,+0.67%,10.54,10.24,273682,"11:21 ET"
GATX,"GATX Corp",61.38,0.81,+1.34%,61.66,59.73,24663,"11:20 ET"
GEF,"Greif Bros. Corp",34.11,0.38,+1.13%,34.11,33.27,11057,"11:20 ET"
GEO,"Geo Group Inc",11.75,0.3,+2.62%,11.8,11.3,550263,"11:20 ET"
GGG,"Graco Inc",47.94,0.47,+0.99%,47.94,47.28,70630,"11:19 ET"
GHC,"Graham Holdings Company",343.78,-2.71,-0.78%,347.56,342.83,2096,"11:20 ET"
GMED,"Globus Medical Inc",47.63,0.23,+0.49%,48.02,46.9,189077,"11:20 ET"
GNRC,"Generac Holdings Inc",120.56,1.68,+1.41%,120.6,118.49,101660,"11:20 ET"
GNTX,"Gentex Corp",25.79,0.009999999999998,+0.04%,25.8,25.35,608268,"11:21 ET"
GNW,"Genworth Financial Inc",1.96,-0.6,-23.44%,2.2,1.87,14137690,"11:21 ET"
GRUB,"Grubhub Inc",68.92,-0.8,-1.15%,69.43,68.6,479706,"11:21 ET"
GT,"Goodyear Tire Rubber",8.91,-0.11,-1.22%,9.02,8.7,1379181,"11:20 ET"
HAE,"Haemonetics Corp",88.34,0.35000000000001,+0.40%,88.35,87.46,64679,"11:19 ET"
HAIN,"Hain Celestial Group",31.57,0.58,+1.87%,31.63,30.9,121703,"11:19 ET"
HCSG,"Healthcare Svcs Gp",24.41,-0.11,-0.45%,24.49,24.06,404025,"11:21 ET"
HE,"Hawaiian Electric Industries",36.29,0.4,+1.11%,36.3,35.88,27828,"11:17 ET"
HELE,"Helen of Troy Ltd",188.26,0.039999999999992,+0.02%,190,185.86,27819,"11:15 ET"
HIW,"Highwoods Properties",37.52,0.34,+0.91%,37.63,36.88,108824,"11:20 ET"
HNI,"Hon Industries Inc",30.97,0.009999999999998,+0.03%,31.15,30.46,31382,"11:16 ET"
HOMB,"Home Bancshares Inc",15.31,0.47,+3.17%,15.34,14.35,168720,"11:21 ET"
HPP,"Hudson Pacific Properties",25.46,0.34,+1.35%,25.55,24.98,230471,"11:20 ET"
HQY,Healthequity,58.96,0.86,+1.48%,58.98,57.74,115789,"11:21 ET"
HR,"Healthcare Realty Trust Inc",29.48,0.29,+0.99%,29.63,28.97,440822,"11:20 ET"
HRC,"Hill-Rom Holdings Inc",109.58,1.37,+1.27%,109.64,107.49,71854,"11:18 ET"
HUBB,"Hubbell Inc B",124.25,2.15,+1.76%,124.8,122.34,78144,"11:20 ET"
HWC,"Hancock Whitney Corp",21.06,0.51,+2.48%,21.13,20.24,35386,"11:21 ET"
IART,"Integra Lifesciences",46.62,0.14,+0.30%,46.63,46.12,44920,"11:19 ET"
IBKR,"Interactive Brokers",41.58,0.25,+0.60%,41.68,41.18,55496,"11:19 ET"
IBOC,"Intl Bancshares",31.83,0.6,+1.92%,31.98,30.68,32258,"11:19 ET"
ICUI,"I C U Medical Inc",181.17,1.01,+0.56%,181.78,179.3,24896,"11:19 ET"
IDA,"Idacorp Inc",87.77,1.57,+1.82%,87.9,86.36,50438,"11:20 ET"
IDCC,"Interdigital Inc",57.08,-0.15,-0.26%,57.25,56.3,36082,"11:20 ET"
IIVI,"I I V I Inc",46.95,-1.44,-2.98%,48.5,45.06,1555814,"11:21 ET"
INGR,"Ingredion Inc",83,1.71,+2.10%,83.07,80.67,63932,"11:21 ET"
INT,"World Fuel Services Corp",25.37,0.030000000000001,+0.12%,25.55,24.76,45916,"11:18 ET"
ITT,"ITT Inc",58.7,0.32,+0.55%,58.72,57.76,239639,"11:20 ET"
JACK,"Jack IN The Box Inc",73.91,0.34999999999999,+0.48%,74.07,72.11,55991,"11:20 ET"
JBGS,"Jbg Smith Properties",29.94,0.29,+0.98%,29.98,29.43,44535,"11:20 ET"
JBL,"Jabil Circuit",32.29,0.019999999999996,+0.06%,32.37,31.6,298833,"11:21 ET"
JBLU,"Jetblue Airways Cp",10.95,-0.11,-0.99%,11.13,10.59,5204428,"11:21 ET"
JCOM,"J2 Global Inc",66.3,-3.2,-4.60%,67.8,61,1076975,"11:20 ET"
JEF,"Jefferies Financial Group Inc",15.64,0.5,+3.30%,16.11,15.43,1030567,"11:21 ET"
JHG,"Janus Henderson Group Plc",21.28,0.27,+1.29%,21.35,20.94,605757,"11:21 ET"
JLL,"Jones Lang Lasalle Inc",103.43,2.23,+2.20%,104.38,100.97,74469,"11:21 ET"
JW.A,"John Wiley Sons Cl A",38.95,-0.44,-1.12%,39.47,38.53,64978,"11:15 ET"
KAR,"Kar Auction Services Inc",14.12,-0.090000000000002,-0.63%,14.38,13.84,541526,"11:20 ET"
KBH,"KB Home",30.11,0.15,+0.50%,30.23,29.47,315579,"11:21 ET"
KBR,"KBR Inc",22.55,-0.36,-1.57%,22.95,22.23,276834,"11:20 ET"
KEX,"Kirby Corp",53.26,-0.22,-0.41%,53.54,52.61,72830,"11:20 ET"
KMPR,"Kemper Corp",72.56,1.55,+2.18%,72.7,70.96,25115,"11:15 ET"
KMT,"Kennametal Inc",29.06,0.61,+2.14%,29.12,28.05,47010,"11:21 ET"
KNX,"Knight-Swift Transporation Inc",41.92,0.3,+0.72%,41.92,41.39,320360,"11:20 ET"
KRC,"Kilroy Realty Corp",59.37,0.73999999999999,+1.26%,59.42,58.21,111241,"11:18 ET"
LAMR,"Lamar Advertis A",67.05,0.53,+0.80%,67.05,65.01,78097,"11:19 ET"
LANC,"Lancaster Colony Cor",154,2.33,+1.54%,154.35,150.61,10431,"11:17 ET"
LEA,"Lear Corp",108.45,0.56,+0.52%,108.73,106.08,51949,"11:18 ET"
LECO,"Lincoln Elec Hld",84.43,1.58,+1.91%,84.65,82.02,70685,"11:16 ET"
LFUS,"Littelfuse Inc",170.8,3.08,+1.84%,171.59,167.47,11711,"11:07 ET"
LGND,"Ligand Pharm",113.56,0.54000000000001,+0.48%,114.93,112.36,57425,"11:11 ET"
LHCG,"LHC Group Inc",171.84,-0.34999999999999,-0.20%,172.36,164.7,61733,"11:18 ET"
LII,"Lennox International",236.22,6.41,+2.79%,236.22,228.58,55376,"11:20 ET"
LITE,"Lumentum Hld",82.05,3.64,+4.64%,82.27,78.5,831639,"11:21 ET"
LIVN,"Livanova Plc OR Sh",47.35,0.29,+0.62%,47.69,46.64,49391,"11:18 ET"
LM,"Legg Mason Inc",49.7,0.030000000000001,+0.06%,49.74,49.66,330612,"11:17 ET"
LOGM,"Logmein Inc",85.21,-0.080000000000013,-0.09%,85.25,85.13,55864,"11:19 ET"
LOPE,"Grand Canyon Educati",91.7,1.18,+1.30%,91.7,90.1,40841,"11:06 ET"
LPX,"Louisiana-Pacific Corp",25.57,0.47,+1.87%,25.57,24.96,149901,"11:20 ET"
LSI,"Life Storage",95.37,2.34,+2.52%,95.55,93.15,58209,"11:18 ET"
LSTR,"Landstar System",111.71,1.3,+1.18%,111.71,110.35,39973,"11:18 ET"
MAC,"Macerich Company",9.04,0.26,+2.96%,9.13,8.7,1635198,"11:20 ET"
MAN,"Manpower Inc",68.73,-0.33999999999999,-0.49%,69.48,67.75,140351,"11:20 ET"
MANH,"Manhattan Assoc",94.74,0.78,+0.83%,94.74,92.96,65328,"11:19 ET"
MASI,"Masimo Corp",222.95,3.22,+1.47%,223.32,219.7,52824,"11:21 ET"
MAT,"Mattel Inc",9.7,0.1,+1.04%,9.7,9.49,469681,"11:20 ET"
MCY,"Mercury General Corp",40.43,0.64,+1.61%,40.69,39.62,25720,"11:16 ET"
MD,"Mednax Inc",16.76,0.31,+1.88%,17.19,16.01,127499,"11:21 ET"
MDRX,"Allscripts Hlthcare",6.71,0.18,+2.76%,6.75,6.45,186263,"11:19 ET"
MDU,"Mdu Res Group Inc",22.25,0.18,+0.82%,22.3,21.82,94851,"11:20 ET"
MKSI,"Mks Instruments Inc",112.21,1.93,+1.75%,113,108.8,134867,"11:17 ET"
MLHR,"Miller Herman Inc",24.46,-1.85,-7.03%,26.75,23.84,774938,"11:21 ET"
MMS,"Maximus Inc",70.68,-0.47,-0.66%,71.58,70.38,104168,"11:17 ET"
MOH,"Molina Healthcare Inc",172.03,0.43000000000001,+0.25%,172.88,170.37,88601,"11:20 ET"
MPW,"Medical Properties Trust",18.79,0.35,+1.90%,18.84,18.45,580960,"11:20 ET"
MPWR,"Monolithic Power Sys",236.47,6.52,+2.84%,237.4,230,47144,"11:18 ET"
MRCY,"Mercury Sys Inc",77.8,-0.24000000000001,-0.31%,78.51,76.6,84230,"11:19 ET"
MSA,"Msa Safety Inc",114.11,2.04,+1.82%,114.51,111.67,31901,"11:14 ET"
MSM,"Msc Industrial Direct Company",71.97,0.81999999999999,+1.15%,72.05,70.91,101551,"11:20 ET"
MTDR,"Matador Resources Company",8.36,0.02,+0.24%,8.5,8.04,993038,"11:21 ET"
MTX,"Minerals Technologies Inc",46.39,0.26,+0.56%,46.51,45.19,20549,"11:20 ET"
MTZ,"Mastec Inc",44.87,0.33,+0.74%,45.18,43.88,87845,"11:19 ET"
MUR,"Murphy Oil Corp",13.3,0.16,+1.22%,13.4,12.79,902026,"11:20 ET"
MUSA,"Murphy USA Inc",110.96,1.38,+1.26%,111.9,109.17,48365,"11:14 ET"
NATI,"Natl Instruments Cor",38.42,0.43,+1.13%,38.63,37.78,126298,"11:20 ET"
NAVI,"Navient Cp",7.31,0.069999999999999,+0.97%,7.34,7.08,580888,"11:21 ET"
NCR,"NCR Corp",17.63,-0.39,-2.16%,18.01,17.22,265832,"11:21 ET"
NDSN,"Nordson Corp",187.29,2.43,+1.31%,187.29,184.94,26777,"11:16 ET"
NEU,"Newmarket Corp",399.5,2.55,+0.64%,399.69,394.52,3813,"11:19 ET"
NFG,"National Fuel Gas Company",41.63,1.07,+2.64%,41.76,40.57,128898,"11:20 ET"
NGVT,"Ingevity Corp",52.68,1.01,+1.95%,52.68,51.1,73610,"11:20 ET"
NJR,"Newjersey Resources Corp",32.56,0.33000000000001,+1.02%,32.66,31.97,54090,"11:20 ET"
NKTR,"Nektar Therapeutics",22.76,0.34,+1.52%,22.77,22.15,182809,"11:21 ET"
NNN,"National Retail Properties",35.53,-0.2,-0.56%,36,35.01,325580,"11:21 ET"
NSP,"Insperity Inc",63.75,0.71,+1.13%,64.01,62.24,38931,"11:20 ET"
NTCT,"Netscout Systems",25.63,0.24,+0.95%,25.63,25.27,50835,"11:18 ET"
NUS,"Nu Skin Enterprises",38.11,-0.63,-1.63%,38.87,37.74,108091,"11:20 ET"
NUVA,"Nuvasive Inc",54.74,0.39,+0.72%,54.98,53.77,197272,"11:19 ET"
NVT,"Nvent Electric Plc",18.78,0.32,+1.73%,18.92,18.23,221817,"11:21 ET"
NWE,"Northwestern Corp",54.87,0.77,+1.42%,54.87,53.7,32267,"11:19 ET"
NYCB,"New York Community Bancorp",10.2,0.18,+1.80%,10.24,9.95,622633,"11:20 ET"
NYT,"New York Times Company",41.92,-0.25,-0.59%,42.39,41.64,307749,"11:21 ET"
OC,"Owens Corning Inc",55.54,0.4,+0.73%,55.54,54.08,234802,"11:20 ET"
OFC,"Corporate Office Properties",25.72,0.54,+2.14%,25.84,25.05,239978,"11:20 ET"
OGE,"Oge Energy Corp",30.45,0.050000000000001,+0.16%,30.47,30.02,219164,"11:17 ET"
OGS,"One Gas Inc",76.83,1.98,+2.65%,76.95,74.94,31884,"11:21 ET"
OHI,"Omega Healthcare Investors",30.35,0.39,+1.30%,30.46,29.68,660129,"11:21 ET"
OI,Owens-Illinois,8.68,-0.0099999999999998,-0.12%,8.74,8.31,317161,"11:21 ET"
OLED,"Universal Display",149.82,2.94,+2.00%,149.87,145.04,78965,"11:20 ET"
OLLI,"Ollies Bargain CS",98.81,-0.23999999999999,-0.24%,100.19,97.86,305253,"11:19 ET"
OLN,"Olin Corp",11.17,-0.11,-0.98%,11.3,11.04,484471,"11:20 ET"
ORI,"Old Republic International Corp",16.36,0.31,+1.93%,16.37,15.92,544522,"11:19 ET"
OSK,"Oshkosh Truck Corp",71.79,0.31,+0.43%,72.45,70.76,56826,"11:20 ET"
OZK,"Bank Ozk",23.16,0.6,+2.66%,23.2,22.51,241236,"11:20 ET"
PACW,"Pacwest Bancorp",19.57,0.67,+3.54%,19.62,18.6,309859,"11:20 ET"
PB,"Prosperity Bancshares",59.18,1.51,+2.62%,59.19,57.31,64129,"11:20 ET"
PBF,"PBF Energy Inc",9.65,0.040000000000001,+0.42%,9.68,9.14,1088709,"11:21 ET"
PBH,"Prestige Brand Holdings",37.22,0.59,+1.61%,37.48,34.9,517815,"11:20 ET"
PCH,"Potlatch Cp",38.48,0.75,+1.99%,38.61,37.53,64017,"11:20 ET"
PCTY,"Paylocity Hld Corp",144.5,4.94,+3.54%,144.5,138.95,82987,"11:21 ET"
PDCO,"Patterson Companies",22.26,-0.24,-1.07%,22.64,22.18,218298,"11:21 ET"
PEB,"Pebblebrook Hotel Trust",14,0.029999999999999,+0.21%,14.19,13.51,217371,"11:20 ET"
PEN,"Penumbra Inc",176.38,4,+2.32%,176.51,173.23,49023,"11:19 ET"
PENN,"Penn Natl Gaming Inc",30.75,0.97,+3.26%,31.4,29.06,4883099,"11:21 ET"
PII,"Polaris Industries Inc",93.35,1.09,+1.18%,93.35,91.19,65527,"11:17 ET"
PK,"Park Hotels & Resorts Inc",10.04,-0.090000000000002,-0.89%,10.26,9.73,2064631,"11:21 ET"
PNFP,"Pinnacle Finl Ptnrs",42,0.9,+2.19%,42.36,39.71,108619,"11:19 ET"
PNM,"PNM Resources Inc",38.9,0.47,+1.22%,38.9,38.17,48104,"11:20 ET"
POL,"Polyone Corp",26.35,0.34,+1.31%,26.45,25.55,118935,"11:21 ET"
POOL,"Pool Corp",269.85,4.06,+1.53%,269.85,265.06,32291,"11:15 ET"
POST,"Post Holdings Inc",87.42,-0.28,-0.32%,87.96,86.81,57377,"11:15 ET"
PPC,"Pilgrim's Pride",16.92,0.61,+3.74%,17.02,16.27,305776,"11:20 ET"
PRAH,"Pra Health",96.31,2.36,+2.51%,96.49,93.48,28339,"11:18 ET"
PRI,"Primerica Inc",116.11,2.19,+1.92%,116.62,113.91,22229,"11:20 ET"
PRSP,"Perspecta Inc",23.16,0.23,+1.00%,23.16,22.69,167454,"11:20 ET"
PSB,"Business Parks",133.04,2.76,+2.12%,133.46,129.92,14419,"11:20 ET"
PTC,"Ptc Inc",77.54,1.1,+1.44%,77.63,75.74,108162,"11:21 ET"
PZZA,"Papa John's Intl",78.3,-0.079999999999998,-0.10%,78.82,75.76,255795,"11:21 ET"
R,"Ryder System",37.14,0.42,+1.14%,37.26,36.14,51600,"11:21 ET"
RAMP,"Liveramp Holdings Inc",43.01,0.71,+1.68%,43.14,41.7,223496,"11:18 ET"
RBC,"Regal-Beloit Corp",87.31,1.48,+1.72%,87.41,85.17,22261,"11:18 ET"
REZI,"Resideo Technologies Inc",11.49,0.14,+1.23%,11.59,11.06,235394,"11:21 ET"
RGA,"Reinsurance Group of America Inc",78.02,1.93,+2.54%,78.42,75.27,150702,"11:17 ET"
RGEN,"Repligen Cp",120.8,1.71,+1.44%,122.69,119.09,170217,"11:21 ET"
RGLD,"Royal Gold Inc",123.4,3.07,+2.55%,123.43,119.21,67499,"11:21 ET"
RH,"Restoration Hardware Holdings",253,0.060000000000002,+0.02%,256,251.92,130385,"11:17 ET"
RIG,"Transocean Inc",1.84,0.06,+3.37%,1.87,1.76,5301472,"11:20 ET"
RLI,"Rli Corp",82.66,1.14,+1.40%,82.66,81.03,17096,"11:21 ET"
RNR,"Renaissancere Holdings Ltd",170.53,2.8,+1.67%,170.53,166.32,74172,"11:20 ET"
RPM,"RPM International Inc",74.5,0.63,+0.85%,74.5,73.69,49225,"11:20 ET"
RS,"Reliance Steel & Aluminum Company",94.49,1.6,+1.72%,94.52,92.39,33040,"11:20 ET"
RYN,"Rayonier Inc REIT",24.83,0.43,+1.76%,24.85,24.4,149531,"11:21 ET"
SABR,"Sabre Corp",8.12,0.18,+2.27%,8.2,7.75,1622293,"11:21 ET"
SAFM,"Sanderson Farms IN",116.73,2.13,+1.86%,117.92,114.02,62875,"11:19 ET"
SAIC,"Science Applications International",77.93,0.62,+0.80%,78.43,77.04,147467,"11:20 ET"
SAM,"Boston Beer Company",543.16,-4.47,-0.82%,552.96,543.13,9433,"11:20 ET"
SBH,"Sally Beauty Holdings",12.36,-0.07,-0.56%,12.46,12.15,168178,"11:20 ET"
SBNY,"Signature Bank",106.43,1.72,+1.64%,106.5,103.22,56163,"11:20 ET"
SBRA,"Sabra REIT",14.78,0.42,+2.92%,14.8,14.07,295383,"11:21 ET"
SCI,"Service Corp International",39.22,0.73,+1.90%,39.24,38.34,255077,"11:20 ET"
SEDG,"Solaredge Tech",137.27,0.21000000000001,+0.15%,139.28,136.01,249815,"11:21 ET"
SEIC,"Sei Investments Company",54.18,1.13,+2.13%,54.2,52.87,88376,"11:20 ET"
SF,"Stifel Financial Corp",47.27,0.82,+1.77%,47.49,46.28,48474,"11:20 ET"
SFM,"Sprouts Farmers Mark",25.71,-0.2,-0.77%,26.2,25.63,531903,"11:20 ET"
SGMS,"Scientific Games",15.38,0.15,+0.98%,16,14.71,273449,"11:18 ET"
SIGI,"Selective Ins Group",52.75,0.34,+0.65%,52.81,52.01,28002,"11:20 ET"
SIX,"Six Flags Entertainment Corp",19.26,-0.13,-0.67%,19.38,18.58,625556,"11:20 ET"
SKX,"Skechers U.S.A.",31.22,0.35,+1.13%,31.38,30.13,588112,"11:20 ET"
SLAB,"Silicon Labs Inc",99.69,3.01,+3.11%,99.69,96.01,40143,"11:21 ET"
SLGN,"Silgan Holdings",32.18,0.41,+1.29%,32.19,31.72,51531,"11:20 ET"
SLM,"SLM Corp",7.07,0.12,+1.73%,7.09,6.86,1140783,"11:20 ET"
SMG,"Scotts Miracle-Gro Company",132.75,2.63,+2.02%,132.75,129.21,57649,"11:21 ET"
SMTC,"Semtech Corp",51.88,1.12,+2.21%,52,49.51,82581,"11:17 ET"
SNV,"Synovus Financial Corp",20.35,0.27,+1.34%,20.61,19.84,243799,"11:20 ET"
SNX,"Synnex Corp",117.69,-0.18000000000001,-0.15%,118,114.54,154128,"11:18 ET"
SON,"Sonoco Products Company",52.18,0.34,+0.66%,52.21,51.32,41239,"11:20 ET"
SR,"Spire Inc",65.82,1.43,+2.22%,65.97,64.23,37497,"11:19 ET"
SRC,"Spirit Realty Capital Inc",34.88,0.23,+0.66%,35.15,34.44,290797,"11:21 ET"
SRCL,"Stericycle Inc",55.3,0.039999999999999,+0.07%,55.55,54.66,56910,"11:20 ET"
STL,"Sterling Bancorp",11.64,0.22,+1.93%,11.66,11.25,775199,"11:21 ET"
STLD,"Steel Dynamics Inc",26.34,0.6,+2.33%,26.36,25.54,284983,"11:20 ET"
STOR,"Store Capital Corpstore Capital",24.06,0.11,+0.46%,24.16,23.38,709518,"11:20 ET"
SVC,"Service Properties Trust",7.43,0.069999999999999,+0.95%,7.57,7.18,632786,"11:19 ET"
SWX,"Southwest Gas Corp",68.93,1.41,+2.09%,69,67.29,34745,"11:21 ET"
SXT,"Sensient Technologies Corp",52.43,0.71,+1.37%,52.46,51.24,47485,"11:20 ET"
SYNA,"Synaptics Inc",59.51,0.83,+1.41%,59.79,58.18,96044,"11:21 ET"
SYNH,"Syneos Health Inc",58.11,0.52,+0.90%,58.39,57.04,81934,"11:17 ET"
TCBI,"Texas Capital Bncsh",30.24,1.24,+4.28%,30.37,28.74,70880,"11:21 ET"
TCF,"TCF Financial Corp",29.26,0.71,+2.49%,29.3,27.79,84129,"11:21 ET"
TCO,"Taubman Centers",38.51,0.009999999999998,+0.03%,39.15,38.25,304522,"11:17 ET"
TDC,"Teradata Corp",21.1,0.16,+0.76%,21.1,20.78,88436,"11:19 ET"
TDS,"Telephone and Data Systems",19.91,0.050000000000001,+0.25%,20.08,19.81,179410,"11:20 ET"
TDY,"Teledyne Technologies Inc",308.48,3.7,+1.21%,308.75,302.35,35956,"11:20 ET"
TECD,"Tech Data Cp",144.9,0.28999999999999,+0.20%,145.4,144.72,3111700,06/29/20
TECH,"Bio-Techne Cp",256.39,2.58,+1.02%,257.38,247.51,21456,"11:10 ET"
TER,"Teradyne Inc",84.18,1.35,+1.63%,84.6,82.16,532129,"11:21 ET"
TEX,"Terex Corp",18.66,-0.09,-0.48%,18.86,18.25,94742,"11:20 ET"
TGNA,"Tegna Inc",11.26,0.08,+0.72%,11.3,10.85,351110,"11:20 ET"
THC,"Tenet Healthcare Corp",18.18,-0.02,-0.11%,18.21,17.28,497351,"11:21 ET"
THG,"The Hanover Insurance Group",101.77,1.75,+1.75%,102.6,99.57,47224,"11:17 ET"
THO,"Thor Industries",107.39,0.41,+0.38%,107.87,105.67,173989,"11:18 ET"
THS,"Treehouse Foods",43.34,0.99,+2.34%,43.58,42.44,130147,"11:20 ET"
TKR,"Timken Company",45.59,0.19,+0.42%,45.7,44.99,143799,"11:19 ET"
TMHC,"Taylor Morrison Home Corp",19.05,-0.07,-0.37%,19.32,18.68,196853,"11:21 ET"
TOL,"Toll Brothers Inc",31.96,0.56,+1.78%,32.04,31.21,609621,"11:20 ET"
TPH,"Tri Pointe Homes Inc",14.44,0.28,+1.98%,14.46,13.96,273757,"11:20 ET"
TPX,"Tempur-Pedic International Inc",72.85,0.75,+1.04%,73.06,71.41,76788,"11:17 ET"
TR,"Tootsie Roll Industries",34.1,0.53,+1.58%,34.18,33.49,30759,"11:19 ET"
TREE,"Lendingtree Inc",283.62,10.87,+3.99%,284,272.42,20806,"11:20 ET"
TREX,"Trex Company",130.53,2.5,+1.95%,132.16,128.99,244607,"11:18 ET"
TRIP,"Tripadvisor Inc",18.9,-0.16,-0.84%,19.07,18.47,625961,"11:20 ET"
TRMB,"Trimble Navigation",43.25,0.61,+1.43%,43.31,42.4,74303,"11:21 ET"
TRMK,"Trustmark Corp",24.53,0.55,+2.29%,24.66,23.7,66198,"11:21 ET"
TRN,"Trinity Industries",21.3,0.25,+1.19%,21.36,20.69,92141,"11:20 ET"
TTC,"Toro Company",65.96,-0.34,-0.51%,66.36,65.5,123252,"11:20 ET"
TTEK,"Tetra Tech Inc",79.44,1.01,+1.29%,79.44,77.61,56067,"11:21 ET"
TXRH,"Texas Roadhouse Inc",52.47,-0.6,-1.13%,53.61,51.62,518549,"11:21 ET"
TYL,"Tyler Technologies",343.98,4.12,+1.21%,343.98,337.5,41442,"11:20 ET"
UBSI,"United Bkshs Inc",27.55,0.49,+1.81%,27.67,26.78,86160,"11:20 ET"
UE,"Urban Edge Properties",12.11,0.34,+2.89%,12.17,11.54,840812,"11:19 ET"
UFS,"Domtar Corp",21.15,0.049999999999997,+0.24%,21.3,20.92,112699,"11:20 ET"
UGI,"Ugi Corp",32,0.38,+1.20%,32.1,31.36,230221,"11:20 ET"
UMBF,"Ump Financial Corp",51.44,1.17,+2.33%,51.57,49.83,53455,"11:20 ET"
UMPQ,"Umpqua Holdings Corp",10.68,0.24,+2.30%,10.7,10.27,266935,"11:20 ET"
URBN,"Urban Outfitters Inc",15.05,0.020000000000001,+0.13%,15.1,14.49,758219,"11:21 ET"
UTHR,"United Therapeutic",120.86,0.90000000000001,+0.75%,121.44,118.6,50156,"11:20 ET"
VAC,"Marriot Vacations Worldwide Cor",81.74,0.64,+0.79%,82,80.13,76738,"11:20 ET"
VC,"Visteon Corp",67.3,1.86,+2.84%,67.42,64.42,27385,"11:11 ET"
VLY,"Valley National Bancorp",7.8,0.1,+1.30%,7.81,7.61,426797,"11:21 ET"
VMI,"Valmont Industries",113.78,2.69,+2.42%,113.91,110.57,18139,"11:20 ET"
VSAT,"Viasat Inc",38.22,-1.11,-2.82%,39.33,37.43,136624,"11:21 ET"
VSH,"Vishay Intertechnology",15.27,0.3,+2.00%,15.31,14.85,135349,"11:20 ET"
VVV,"Valvoline Inc",19.24,-0.26,-1.33%,19.47,18.98,502516,"11:18 ET"
WAFD,"Washington Federal",26.95,0.55,+2.08%,27.04,26.21,63597,"11:21 ET"
WBS,"Webster Financial Corp",28.52,0.71,+2.55%,28.54,27.39,67226,"11:18 ET"
WEN,"Wendys Company",21.74,0.079999999999998,+0.37%,21.82,21.41,961063,"11:21 ET"
WERN,"Werner Enterprise",43.39,0.7,+1.64%,43.4,42.31,189019,"11:21 ET"
WEX,"Wex Inc",162.94,0.28,+0.17%,163.38,158.78,139071,"11:20 ET"
WH,"Wyndham Hotels & Resorts Inc",42.02,-0.29,-0.69%,42.03,40.77,133983,"11:17 ET"
WOR,"Worthington Industries",37.93,0.85,+2.29%,38.19,36.75,101873,"11:20 ET"
WPX,"Wpx Energy Inc",6.27,-0.03,-0.48%,6.31,6.09,1581375,"11:21 ET"
WRI,"Weingarten Realty Investors",19.23,0.23,+1.21%,19.32,18.7,134923,"11:20 ET"
WSM,Williams-Sonoma,81.79,-0.19999999999999,-0.24%,82.27,80.52,256103,"11:20 ET"
WSO,"Watsco Inc",177.76,3.49,+2.00%,177.76,174.17,23293,"11:20 ET"
WTFC,"Wintrust Finl Corp",43.55,0.66999999999999,+1.56%,43.72,40.74,61440,"11:20 ET"
WTRG,"Essential Utilities Inc.",42.04,0.37,+0.89%,42.12,41.7,87804,"11:19 ET"
WW,"Weight Watchers International Inc",25.44,0.9,+3.67%,25.6,24.42,212582,"11:19 ET"
WWD,"Woodward Inc",77.7,-0.63,-0.80%,78.3,76.53,76323,"11:18 ET"
WWE,"World Wrestling Entertainment",43.18,-0.41,-0.94%,43.83,42.91,98617,"11:19 ET"
WYND,"Wyndham Destinations Inc",28.12,0.51,+1.85%,28.24,26.94,224762,"11:21 ET"
X,"United States Steel Corp",7.26,-0.02,-0.27%,7.29,7.07,4774773,"11:20 ET"
XEC,"Cimarex Energy Company",27.01,-0.049999999999997,-0.18%,27.16,26.41,104492,"11:21 ET"
XPO,"Xpo Logistics Inc",76.62,1.32,+1.75%,76.62,74.74,113445,"11:18 ET"
Y,"Alleghany Corp",494.76,8.32,+1.71%,494.76,486.18,5701,"11:19 ET"
YELP,"Yelp Inc",22.33,0.86,+4.01%,22.67,21.48,459390,"11:21 ET"
